　,投稿文,リプ,いいね,インプ,日時,URL
,"14時間前に投稿した「怖すぎる食器用洗剤の注意点」が、2.5万人に見ていただけて嬉しいよ👵

バアバもコレを知るまでは、洗剤はどれも一緒だと思ってたから、全ママに届いて欲しいな‼️




































",3,"1,268","240,000",2025/09/05 12:00:00,https://www.threads.com/@ajinobaba/post/DONGYUVD1AM
,"昨日の投稿、ちょっと情報出しすぎた気がする。
それに3.2万表示もいってるし、もしかしたらメーカーさんに怒られるかも・・・？😭
そうなったら予告通り消すので、今のうちに固定ポスト見ておいてください！ 

公式LINEもあるから登録して待っててね☺️






























",1,393,"190,000",2025/08/23 12:31:00,https://www.threads.com/@ajinobaba/post/DNrrsYsYs_Y
,"有益すぎてバズったら削除するかもですが、果汁100%ジュースなのかを一瞬で判断する方法を教えます！

「パッケージにリアルな果物の断面が描かれているか？」
たったこれだけだよ👵✨

ちなみに・・・
果汁5%以上100％未満は、リアルな果物を丸ごと描くのはOK！

果汁5%未満は丸ごとの果物をイラストで描くならOK！

左から果汁100%、5%以上、5%未満で画像を貼っていくね☺️

子供の飲み物選びの参考にしてね✨

















",7,408,"156,255",2025/9/8 22:00:41,https://www.threads.com/@ajinobaba/post/DOV5f0PApQK
,"炎上したらすぐに消します。
育児してるママでこの４つをよく使う人は、悪いこと言わないから最後まで見て
①豆乳
②ヨーグルト
③ココア
④味噌

ちゃんと選ばないと、逆に体に悪いかも😳
ちゃんと選ぶためには・・・

① 豆乳
・無調整豆乳は添加物なし
・調整豆乳は乳化剤、香料なども入ってる。

健康的に見せてるけど、実は・・・
っていうのが豆乳。

無調整豆乳は飲みにくいから、みんな調製豆乳を買いがちなんだけどね。
直接飲む以外なら、無調整豆乳がおすすめだよ

おすすめは・・・
・ふくれん 九州産大豆成分無調整豆乳
・キッコーマン おいしい 無調整豆乳

②　ヨーグルト
・生乳100%ヨーグルトの原材料は生乳だけ。
・それ以外は脱脂粉乳や植物性油脂でかさ増しされている可能性あり。

ヨーグルトは腸内環境にも健康にも良いものですが、選び方を間違えると逆に体に負担がかかる。
だから、ママさんはちゃんと選びたいものの1つ

スーパーで買える生乳100%ヨーグルトは・・・
・小岩井 生乳100%ヨーグルト 
・トップバリュ 生乳100%プレーンヨーグルト

③ ココア
・純ココアの原材料はココアパウダーだけ。
・ミルクココアはココアパウダーより砂糖の方が多い。

カカオはポリフェノールも豊富で体にいいけど、ミルクココアになると砂糖の量も多いし添加物も多くて健康に悪い飲み物
純ココアを買って、家ではちみつなどを入れて飲むのがおすすめ

スーパーで買える純ココアは・・・
・森永 純ココア
・ヴァンホーテン　ピュアココア


④　味噌
・天然醸造の味噌は「原材料：大豆、米（または麦）、食塩」だけ。
・酒精は保存安定のために入ってることもある。
・上記以外の味噌は、生きた菌はほぼいない。
・発酵食品というより「味噌風調味料」的な側面。

天然味噌の生きてる菌を取ることで、腸内環境た免疫力向上の効果を得られる。
70度以上でシぬが、死菌でも善玉菌のエサになる。

スーパーで買える天然醸造の味噌は・・・
・小円熟｜ひかり味噌
・昔ながらの天然醸造｜山印醸造

健康的な食事には、ちょっとした工夫が大事だったりします✨",28,488,"65,000",2025/08/22 11:54:00,https://www.threads.com/@ajinobaba/post/DNpCqAlI2_2
,"え、待って怖すぎる…😱

これは食器用洗剤に書いてある注意書きなんだけど、、、
「調理器具は流水であれば5秒以上すすいでください」

そうじゃないと、皿や鍋に残って界面活性剤などの有害物質を体内に取り込んじゃうらしい…

せっかく食事に気をつけても、これじゃあ意味ないかも😭

バアバがおすすめする無添加の食器用洗剤は・・・👇

①無添加　食器洗いせっけん
純粋な石けん成分と水だけでできた無添加石けん
入ってないとは言い切れないけど、かなり安心度が高いことは間違い無いよ！

②パックスナチュロン 台所のせっけん
合成界面活性剤の使用はなし
無香料・無着色で肌にも環境にも優しいよ👵
ポンプタイプだから片手でスポンジにつけられるのも良いね✨

③arau. アラウ 台所用 せっけん
合成界面活性剤の使用はなし
天然のハーブの成分が含まれていて、ほのかに自然が香るのも良いよ🫶
赤ちゃんの口に入るものにも使えるほど、自然派の洗剤だよ👵



















",31,516,"60,000",2025/09/04 22:00:00,https://www.threads.com/@ajinobaba/post/DOLmVLJiOZi
,"批判覚悟でいいます。
あなたの家のめんつゆ大丈夫ですか⁉️

意外と使用頻度が高い「めんつゆ」
実はイヤな成分が結構多く入ってます。

気をつけたいのは添加物だけじゃないです…

添加物：カラメル色素
食品：ぶどう糖果糖液糖、たんぱく加水分解物

安心して使えるめんつゆは…

①光食品 有機めんつゆ
本醸造醤油、有機の砂糖、酒
国産に昆布、鰹節
材料にとことんこだわってるめんつゆだよ☺️
a.r10.to/hgmtw… pr 

②辰商店 鰹たっぷりつゆ
添加物に頼らず、たっぷりの鰹節と椎茸で濃い出汁を取って作らてれるめんつゆだよ👵
冷たくても温かくても美味しいから重宝するよ✨
a.r10.to/hgtER… pr

③弓削多醤油 有機だしつゆ
有機醤油と有機本みりん、国産だし素材だけで丁寧に仕上げためんつゆ。
砂糖は使用せずにみりんだけを使用しているため、上品な甘さだよ☺️
a.r10.to/h8URe… pr





























",3,165,"49,947",2025/9/16 20:00:14,https://www.threads.com/@ajinobaba/post/DOqSEnQgIKK
,"怒られたら消しますが...
市販のマヨネーズには偽物が紛れ込んでます。

それは、カロリーハーフマヨネーズだよ

これらは国からマヨネーズとは認められてないだ。

だから、食品表示には「サラダクリーミードレッシング」と書かれてるよ👵

そして、もっとも怖いのは…

カロリーを抑えるために油を減らして、増粘剤が入ってること。
原材料表示の書き方として、油より増粘剤が多くても分からないんだよね…😭
だからマヨネーズは出来るだけ質の高いものを買う。
必要最小限で使うってのをオススメするよ！
バアバのおすすめのマヨネーズは・・・👇

①松田のマヨネーズ
これは外せない安定のマヨネーズ
ちょっと高いけど、本当に美味しいし、原材料も安心安全🫶
辛口・甘口で選べるから好きな組み合わせで買えるのも嬉しいね☺️
a.r10.to/hNacO… pr

②花兄園マヨネーズ
松田のマヨネーズに比べるとリーズナブルなマヨネーズ
宮城県の全卵と国内製造の菜種油を使用し、こちらも安心安全🫶
余計なものが入ってないからさっぱりとしてるよ☺️
a.r10.to/hkTZK…　pr

③オリゼ 麹マヨ
どうしてもカロリー気になる人はこれがオススメ！
卵不使用で、豆乳と米油、米麹で作ったマヨ
マヨネーズのガッツリした味わいではないけど、麹の力でコクと旨みは強いね✨
野菜スティックのディップなら、この麹マヨの方が合うよ🫶
a.r10.to/hFRDa… pr






















",44,412,"43,532",2025/9/8 19:59:58,https://www.threads.com/@ajinobaba/post/DOVrrrmDnZo
,"昨日投稿した「めんつゆ」が、約4万人の方に見ていただけて嬉しいよ👵

めんつゆって使用頻度が高いから、変なもの入ってると嫌だよね…

紹介したところ以外にもまだまだあるよ☺️

実は無添加の商品を沢山まとめた記事を準備中だよ✨
バアバ頑張るから、もう少しだけ待ってておくれ！
















",3,231,"43,415",2025/9/17 18:00:07,https://www.threads.com/@ajinobaba/post/DOspHzpArtK
,"昨日の投稿、ちょっとやりすぎたね👵
でも、大事な子供が食べるおやつに、価格を下げるために余計なもの入れるのは本当に許せないんよ・・・💢
プリンをゲル化剤で固めるとかさ・・・
でもメーカーに見つかったら怒られて削除されちゃうかもだから、今のうちに見ておいておくれ🥹


































",2,205,"40,000",2025/08/28 12:00:00,https://www.threads.com/@ajinobaba/post/DN4gDf-D8Rb
,"少し前に投稿した「果汁100%ジュースを一瞬で判断する方法」が、15万人に見ていただけてます！

今でも通知が来るんだもの！
バアバとってもびっくりしてるよ😳

みんな100%ジュース探すの苦労してたのかな…？
特に育児中の全ママに届いて欲しいな‼️















",1,90,"38,418",2025/9/13 12:00:18,https://www.threads.com/@ajinobaba/post/DOhsw6FCK7g
,"炎上したらすぐに消します。
育児してるママでこの４つをよく使う人は、悪いこと言わないから最後まで見て
①豆乳
②ヨーグルト
③ココア
④味噌

ちゃんと選ばないと、逆に体に悪いかも😳
ちゃんと選ぶためには・・・

① 豆乳
・無調整豆乳は添加物なし
・調整豆乳は乳化剤、香料なども入ってる。
健康的に見せてるけど、実は・・・
っていうのが豆乳。
無調整豆乳は飲みにくいから、みんな調製豆乳を買いがちなんだけどね。
直接飲む以外なら、無調整豆乳がおすすめだよ
おすすめは・・・
・ふくれん 九州産大豆成分無調整豆乳
・キッコーマン おいしい 無調整豆乳 

②　ヨーグルト
・生乳100%ヨーグルトの原材料は生乳だけ。
・それ以外は脱脂粉乳や植物性油脂でかさ増しされている可能性あり。
ヨーグルトは腸内環境にも健康にも良いものですが、選び方を間違えると逆に体に負担がかかる。
だから、ママさんはちゃんと選びたいものの1つ
スーパーで買える生乳100%ヨーグルトは・・・
・小岩井 生乳100%ヨーグルト
・トップバリュ 生乳100%プレーンヨーグルト 

③ ココア
・純ココアの原材料はココアパウダーだけ。
・ミルクココアはココアパウダーより砂糖の方が多い。
カカオはポリフェノールも豊富で体にいいけど、ミルクココアになると砂糖の量も多いし添加物も多くて健康に悪い飲み物
純ココアを買って、家ではちみつなどを入れて飲むのがおすすめ
スーパーで買える純ココアは・・・
・森永 純ココア
・ヴァンホーテン　ピュアココア 

④　味噌
・天然醸造の味噌は「原材料：大豆、米（または麦）、食塩」だけ。
・酒精は保存安定のために入ってることもある。
・上記以外の味噌は、生きた菌はほぼいない。
・発酵食品というより「味噌風調味料」的な側面。
天然味噌の生きてる菌を取ることで、腸内環境た免疫力向上の効果を得られる。
70度以上でシぬが、死菌でも善玉菌のエサになる。
スーパーで買える天然醸造の味噌は・・・
・円熟｜ひかり味噌
・昔ながらの天然醸造｜山印醸造",13,266,"38,000",2025/10/2 20:00:05,https://www.threads.com/@ajinobaba/post/DPTexgNCg6m
,"炎上したらすぐに消します。part2
育児してるママでこの3つをよく使う人は、悪いこと言わないから最後まで見て‼️

①納豆
②チーズ
③ドレッシング

ちゃんと選ばないと、逆に体に悪いかも😳
スーパーで簡単に手に入って、子供の健康に良い商品は・・・👇

① 納豆
・「遺伝子組み換えでない」と書いてても、5％までは混ざっててOK。
・日本は遺伝子組み換え作物の栽培が禁止なので大豆は絶対に国産。
・タレやからしに不要な添加物が多い。


健康食の代表である納豆が・・・
バアバ初めて知った時はショックだったよ😭

納豆との上手な付き合い方は、この2つだね。
「国産の大豆を使ってる」「醤油は家にあるものを使う」

バアバおすすめの納豆は・・・
・くめ納豆 北海道納豆
・おかめ納豆 国産丸大豆納豆


②チーズ
・プロセスチーズはナチュラルチーズを溶かして乳化剤で固める。
・ナチュラルチーズは生乳を凝固させた「そのままのチーズ」。

歯や骨の強化・疲労回復・ダイエットで効果を期待されてるチーズだけど
選び方を間違えると余分に添加物を取ることになる・・・

これを知ってる上でプロセスチーズを買うのは良いけど、知らずして買うのは避けたいね👵

バアバおすすめのナチュラルチーズは・・・
・雪印北海道100 さけるチーズ プレーン 50g
・各種モッツアレラチーズ（写真は一例）

③ドレッシング
・せっかくの野菜も、かけるドレッシング次第で不健康に…😭
・油が多いと塩味を感じにくいから、塩分過多になる可能性あり。

せっかく健康に気を遣って野菜を食べても、高血圧になったら本当に悲しいよ・・・
添加物は安全だよ！危険じゃない。っていう意見もあるけど、コロナワクチンでもそうだったでしょ？

添加物の全部が悪いとは思わないけど、取らなくて良いなら取らないほうがいい。

そんなバアバのおすすめドレッシングは・・・
・なんでもいける胡麻ドレッシング
・無印良品 ドレッシングシリーズ「たまねぎ・レモン・にんじん・トマト」",7,335,"37,000",2025/08/23 17:00:00,https://www.threads.com/@ajinobaba/post/DNsKdx9QMAE
,"声を大にして、皆に伝えたい‼️
みんな、男前豆腐店っていうメーカー知ってるかい？👵
豆腐の材料が、たったの2つだけ！
国産の大豆
粗製海水塩化マグネシウム（にがり）
シンプルに素材だけで勝負って感じがして、本当に男前だよね‼️
特濃ケンちゃんが特に有名な気がするけど、美味しすぎてバアバとろけちゃうね🫶
他にもこんな男前な豆腐があったら、バアバに教えてね✨


これスクショして、スーパーで見かけたら買ってみて✨


みんな、ごめんね！！！！
教えて頂いたんだけど、京まろ豆腐の大豆はアメリカ産でした💦
ただ分別生産流通管理が行われてるから、遺伝子組み換えの心配は限りなくゼロだよ👵
心配な人は、京まろとうふ以外を試してみてね✨

























",40,816,"37,000",2025/09/05 15:00:00,https://www.threads.com/@ajinobaba/post/DONa_7YEaSa
,"大きい声で言えませんが、
昨日の【天然塩を一瞬で見分ける方法】っていう投稿はあまり需要なかったのかな…？

天然の塩って本来、ミネラルが2割くらい入ってるんだけど、精製塩はそれらを排除しちゃって、ほぼ栄養がなくなるんだ…

それを製法で見分けたりするのは難しいから、一目で見分ける方法を解説したよ👵✨





",5,384,"35,000",2025/9/20 12:00:18,https://www.threads.com/@ajinobaba/post/DOzuVDEEwAc
,"昨日の投稿、妊婦さんから好評でバアバ嬉しい👵
柑橘系食べたいけど、アレはちょっと怖いよね〜
添加物・農薬系は炎上しやすいから、炎上したら消すよ💦
妊婦さんじゃなくても知ってると安心だから、今のうちに見てみてね✨








",0,70,"34,000",2025/08/24 12:00:00,https://www.threads.com/@ajinobaba/post/DNuM4aa3iNv
,"独り言なんですが…

3日前【水99%のウエットティッシュは薬品だらけ】っていう投稿はあまり需要なかったのかな…？

バアバ的には綺麗にしたいから使ったウエットティッシュで、良くない薬品を塗り広げてる感じがすごく怖いんだよね🥹

妊婦さん、乳児期のママさんは見て欲しいな‼️

滅菌水を使ったコットン100%のウエットティッシュも紹介してるからね👵✨




",11,390,"32,736",2025/9/15 12:00:29,https://www.threads.com/@ajinobaba/post/DOm2X6qibQq
,"threads初めて10日経たずに沢山の人にフォローして貰えて嬉しいよ👵
しかも、たった2時間でフォロワーさんが3倍になったよ😱
みんな、バアバに教えて欲しいことがあれば、リプで教えておくれ👵
noteにも挑戦してみようかな🤔✨




























",0,30,"32,000",2025/08/23 21:50:00,https://www.threads.com/@ajinobaba/post/DNsrkQw4nq7
,"大きい声で言えませんが、
バアバの好きなポン酢…実は結構添加物だらけ🥹

食品のは果糖ぶどう糖液糖、酵母エキス…
さらに添加物で、調味料(アミノ酸等)、酸味料、香料まで…

「酸味・うま味・香り」はほぼ添加物で作られてるのよ💦
選ぶならシンプルな原材料のポン酢だね👵✨

スーパーで買えるおすすめポン酢は

①【光食品】有機ぽん酢しょうゆ（250ml）
有機本醸造しょうゆをベースに米酢と果汁で作られた安心なポン酢✨
②【成城石井】柚子ぽん酢
本醸造しょうゆと醸造酢をベースに出汁の旨みをブレンド✨
③内堀醸造 美濃特選味付ぽん酢
枕崎鰹節の一番だしが使われていて、酸味はマイルド
子供にも使いやすい✨
でも、パッケージのフォントがちょっと怖い🤫



























",5,101,"27,478",2025/9/12 18:00:48,https://www.threads.com/@ajinobaba/post/DOfxObykVjr
,"批判覚悟でいいます。
あなたの家にある焼肉のタレ、本当に大丈夫ですか⁉️

全ママの味方である「焼肉のタレ」
実はイヤな成分が結構多く入ってます。

気をつけたいのは添加物だけじゃないです…

添加物：カラメル色素
食品：還元水飴、たんぱく加水分解物

安心できる焼肉のタレは…

①味研　無添加焼肉タレ
添加物ゼロ、還元水飴、たんぱく加水分解物なし
しかも、できるだけ手作業で作られているんだよ！
食材本来の優しい味が大好きだよ🫶
a.r10.to/hgM4C… pr

②モランボン　焼き肉のたれ ジャン
添加物ゼロ、還元水飴、たんぱく加水分解物なし！
13種類の果物や香辛料を生のままブレンドした「生ブレンド製法」
フレッシュ感があって美味しいよ✨
a.r10.to/hReIY… pr
一応貼っておくけど、これは送料かかっちゃうからスーパーで買ったほうがいいかも🫶

③光食品 焼肉のたれ 350g
原材料にこだわって国産の食材を多く使っっている焼肉のタレ
国産有機にんにく、本醸造醤油、圧搾絞りごま油など、書ききれないほどのこだわりがあるよ！
バアバのイチオシだよ🫶
a.r10.to/hNqzr… pr

























",3,95,"27,126",2025/9/13 20:00:38,https://www.threads.com/@ajinobaba/post/DOiju_bCDFo
,"ねぇねぇ妊婦中のママさんたち！！！
バアバ炎上覚悟で語るから、、、この投稿今すぐに旦那さんにも共有して‼️

妊婦中に無性に食べたくなる人が多い柑橘類だけど、防カビ剤に注意しないと奇形のリスクが高まってしまうかも知れないよ😭

グレープフルーツやオレンジ、レモン、ライムなどは買う時に防カビ剤が使われた居ないものを選んでね。

でも防カビ剤はTBZとか難しいから覚えるの大変・・・
じゃあ、どうしたらいいの・・・😭👇



必ず商品棚の値札か袋に防カビ剤使用って書いてある。
それだけ避ければ良いよ！



ビオセボンのような、無添加オーガニックスーパーにはあったりするよ☺️
あとは、量は多いけど楽天市場でも買える！
母子共に健康で出産できるよう、食をケチってはダメだよ👵
























",1,110,"26,000",2025/08/23 15:00:00,https://www.threads.com/@ajinobaba/post/DNr8p352MN9
,"【超朗報‼️‼️】

バアバのフォロワーさんに買って欲しいから下に続けるね！
絶対後悔させないから、見て欲しい！

でも、先着10名だって！
本当に急いでね💨

👇👇👇


少し前に紹介した前田家さんの完全無添加の粉末だしが、スーパーセールで90%OFFだって！！

今日の20時から30分限定
以下3つの商品が90%OFF
リンクはバアバのプロフィールに固定してあるよ！

どれを買う決めて待機しよう🔥
買えたら教えてね✨















",2,22,"26,000",2025/09/04 19:50:00,https://www.threads.com/@ajinobaba/post/DOLXZ2ZjdBf
,"この前、孫がおつかいでみりんを買いに行ってくれたんだけど、年齢確認をされて買えなかったんだって！
👦「なんでみりん風調味料は買えるのにみりんは買えないの？💢」
ってすごく怒ってて、バアバ思わず笑っちまったよ😂
なんでかわかる人いたらコメントで教えてね！
分かったら凄いよ👵✨









",14,88,"25,000",2025/09/05 18:00:00,https://www.threads.com/@ajinobaba/post/DONvp_-ADmA
,"炎上したらすぐに消します。part7
育児してるママでこの3つをよく使う人は、悪いこと言わないから最後まで見て‼️

①マヨネーズ
②ケチャップ
③ソース

ハンバーグとかオムライスなど、子供が好きなものにかけるこの3つ。
ちゃんと選ばないと、体に悪影響があるかも😳

スーパーで簡単に手に入って、子供に悪影響がない商品は・・・👇

① マヨネーズ
・商品名にマヨネーズと書いてあるものを選ぶ⭕️
・カロリーハーフなどは色々な添加物が入ってるのでNG❌


アミノ酸は否定はしないが、無くても美味しいから入ってなくていいかなっていうのがバアバの考えだよ👵

バアバおすすめのマヨネーズは・・・
・松田のマヨネーズ　辛口
・創健社 有精卵マヨネーズ


②ケチャップ

・ぶどう糖果糖液糖を使ってるものは選ばない❌
・出来れば有機トマトを選ぶ⭕️

ケチャップは基本的に安くても添加物が少ない調味料だね👵
加工用トマトは生食用トマトより農薬の基準がゆるいって聞いたことがあるから、バアバは有機トマトを選んでるよ！

バアバおすすめのケチャップは・・・
・オーサワのトマトケチャップ　（唯一？砂糖不使用）
・ トップバリューグリーンアイ　オーガニックトマトケチャップ

③ソース
・加工でんぷん、カラメル色素、甘味料入りは絶対に選ばない❌❌
・出来れば、原材料が国産のものを選ぶ⭕️

とんかつやたこ焼き、隠し味でも大活躍のソースだけど、結構ヤバい添加物が潜んでるからね👵


そんなバアバのおすすめソースは・・・
・カントリーハーヴェスト 中濃ソース
・トリイソース",8,35,"22,000",2025/09/04 18:00:00,https://www.threads.com/@ajinobaba/post/DOLKyXhEevz
,"【ご報告】
ありがたいことに、コメント沢山ついてとても嬉しいよ🫶
でもね、、、鍵マークついてる人は、お返事返せないみたいだ🥺
コメント増えていくと全部返せなくなってくるけど、ちゃんと読んでるからね☺️


絶対に返信欲しい時は、プロフィールからラインで連絡してね🫶
必ず返信してるよ👵✨








































",1,17,"22,000",2025/09/05 19:03:00,https://www.threads.com/@ajinobaba/post/DON2ylWEbAF
,"残酷ですが、ブラックコーヒにも添加物入ってます…

【原材料】
コーヒー/香料、乳化剤

特に香料は何が使われているのか良くわからない添加物で少し不安なんだ👵💦

コンビニやスーパーで買える無添加ブラックコーヒーは…

①UCC 職人の珈琲 ブラックコーヒー
②タリーズコーヒー　ブラック　キリマンジャロ
③ネスカフェ エクセラ　無糖






























",3,65,"21,053",2025/9/11 12:00:54,https://www.threads.com/@ajinobaba/post/DOcjPeCim_c
,"炎上したらすぐに消します🔥
添加物なんて気にするな派 vs 日本は添加物大国で危険派
この2つって結構争ってるイメージがあるんよね…
バアバはどっちも通って、今は中間のゆる無添加。
A：添加物は一切気にしない
B：添加物は極力取らない
C：ゆる無添加
あなたはどれ？
理由や背景もコメントで教えてほしい👵✨












",40,96,"20,000",2025/09/05 20:00:00,https://www.threads.com/@ajinobaba/post/DON9UVQj6ty
,"嘘みたいな本当の話をします・・・

子供にポテチを我慢させなくて良いです！

【国産じゃがいも・ほぼ米油・塩】
これだけのポテチなら、安心して子供にも食べさせられます！

スーパーで買えるおすすめのポテチ3選は・・・👇

①【菊水堂】できたてポテトチップ
工場で揚げたてのポテトチップスを当日配送！
材料にもしっかりこだわりつつ、油も酸化しない徹底ぶり。
じゃがいもの旨みとあっさりめの塩味が最高✌️

②フリーフロム こめ油で揚げ塩だけで味付けしたポテトチップス 40g
国産の芋を国産の米油で揚げた安心安全のポテトチップスです！
他の2つとは違い、岩塩を使ってるので塩味がまろやかで優しい味わい。
40gの食べ切りサイズもちょうどええね👵

③ノースカラーズ　純国産 ポテトチップス　60g
材料の全てを国産で作っている最高のポテトチップス😳
じゃがいもの旨みと、海水塩のシャープな円味がクセになる・・・
大きい子でも１袋で大満足間違い無し！！


















",5,82,"19,000",2025/08/23 12:00:00,https://www.threads.com/@ajinobaba/post/DNroJTfxLbT
,"残酷ですが、食べ方を間違えたら「納豆」は不健康食品です。

体に良い発酵食品で有名だけど、意外とワナが多い食品なんだよ😭

大豆：外国産では遺伝子組み換えの可能性あり
たれ：添加物多い、たんぱく加水分解物が一番入ってる
からし：植物油脂、増粘多糖類などが入ってる

国産大豆でタレまで無添加の物もあるんだけど…

とても高い😭
成城石井の納豆は約300円！！
他にも150円超えるものが多い👵
さすがに１パック100円は続けられないよね…
じゃあ、どうするか？

バアバの家では👵
国産大豆で出来た納豆だけを買って、タレは使わずに井上古式醤油で食べる！
からしを使う人は、ムソーかオーサワのからしを使う。
こうやって納豆を美味しく安全に食べてるよ☺️





















",20,95,"16,752",2025/9/7 19:00:44,https://www.threads.com/@ajinobaba/post/DOTAHBhAeg9
,"悪いことは言わないから、子育て大変なママさんは全員冷凍食品ストックして‼️

子供のご飯に気を使いすぎて、自分のご飯が適当になってやしないかい？😭
バアバは若い頃、それもあって栄養失調で倒れたんだよ。

今からほぼ無添加の冷凍食品を教えるから、忙しいママは冷凍庫にストックしなされ。
それだけで、心の余裕になるよ🫶

おすすめの冷凍食品は・・・👇

①bonbori 究極のひき肉で作る 牛100%ハンバーグ
原材料はこれだけ！
【牛肉、玉ねぎ、卵、牛乳、パン粉、黒胡椒、塩】
家で作るのと何も変わらない、最高のハンバーグだよ。

私みたいに調べるのが億劫な人のためにURL貼っとくね👵
https://a.r10.to/hkea5d

②浜松餃子
皮はパリッ、中はもちっ。ひと口かじれば肉汁じゅわ〜！
熟成させた上級小麦粉の皮で仕上げた絶品浜松餃子だよ。

私みたいに調べるのが億劫な人のためにURL貼っとくね👵
https://a.r10.to/hFfaKj

③おかわりくんのおすすめセット 12種類×1パック
お母さんの味のような優しい味わいのお惣菜セット
食卓に1品追加したいときにとっても便利🫶
子供のためにも、自分のためにもなる最高の冷凍食品だね。

私みたいに調べるのが億劫な人のためにURL貼っとくね👵
https://a.r10.to/h5vpMk










",2,34,"16,000",2025/08/23 10:00:00,https://www.threads.com/@ajinobaba/post/DNraZlhQmcF
,"炎上したらすぐに消します。part5
育児してるママでこの４つをよく使う人は、悪いこと言わないから最後まで見て

①はちみつ
②オリーブオイル
③酢

本物を選ばないと、逆に体に悪いかも😳
本物を選ぶためには・・・

① はちみつ
・水飴などが混ざった果糖はちみつなどがある。
・蜂に花の蜜ではなく砂糖水を与えて安く作るはちみつもある・・・

強い抗菌作用があって、喉の痛みなどにも良く効くはちみつ。
選び方を間違えると、ただの甘いシロップを摂取することになります🥹

でもね、スーパーではあまり良いのを見たことがないんだよね👵

バアバのおすすめは・・・
・ルーマニアやドイツ、ハンガリー産のはちみつ
※日本よりもさらに厳しい基準ではちみつを管理しているので、安心だよ☺️

②　オリーブオイル
・遮光のボトルに入ってること
・1mlあたり3円以下のものは買わないこと
・コールドプレス製法を選ぶ

体に良いイメージのオリーブオイルだけど、高温で抽出されたオイルはトランス脂肪酸が発生して逆効果の可能性も🥹


おすすめのオリーブオイルは・・・
・オッギュ　エキストラバージンオリーブオイル（カルディ） 
・有機EXVオリーブオイル　シェフズテーブル（ビオセボン）


③ 酢
・純米酢の原材料は米だけ！
・国産の米をを使ってるものを選ぶ
・米酢は米とアルコールで作られる

米だけで作られたお酢は酸味が強すぎず、風味があって美味しい☺️
一方で米酢は安いけど旨味はほぼなくて、酸が尖った味わい。


スーパーで買える純米酢は・・・
・純米富士酢
・ミツカン純米酢 金封


健康的な食事には、ちょっとした工夫が大事だったりします✨",7,115,"15,000",2025/08/31 20:00:00,https://www.threads.com/@ajinobaba/post/DOBFaTTkWEz
,"ねぇねぇ子育て中のママさんたち！！
子供のおやつ選び、本当に大丈夫かい？👵

子供が好きなクッキーって乳化剤、膨張剤、ショートニングとか心配になる原材料が多いよね…😭

この前、バアバだスーパーでたまたま見つけて買ったら美味しかったクッキーがあるから教えるね！
それは・・・👇

【メロディアン｜米粉のクッキー】🍪
・国産米粉使用
・てんさい含蜜糖のやさしい甘さ
・ショートニング・添加物ゼロ✨

子供がバクバク食べて、安心して出せるおやつって貴重よね👵

近くに売ってない人はここから試してみて！
https://a.r10.to/hkY4ub　pr































",2,18,"15,000",2025/09/05 22:00:00,https://www.threads.com/@ajinobaba/post/DOOLFLTgqQI
,"信じられないのですが、、、

バアバが紹介してから、トップバリューのすりおろし生姜が売り切れ続出してるみたい😳

フォロワーさんから「探しにいったけど売り切れでした」っていう連絡いくつか貰ったよ🥹

楽天市場でも買える、高知県産の冷凍おろし生姜を見つけたから紹介するね！

こっちは高知県産の生姜100%！
店頭で買えない人はこちらも検討してみてね👵✨
a.r10.to/h5GcX… pr



























",1,109,"15,000",2025/9/20 18:00:56,https://www.threads.com/@ajinobaba/post/DO0XmTiig_3
,"こっそり教えますが、精製塩を一目で見分ける方法があります‼️

よく塩の製法で見分けるっていう情報があるけど、どこに買いてあるのか探すのも大変…

そんな時は・・・

成分表をみると一瞬で見分けがつくよ👵✨
精製塩は食塩相当量99%前後、天然塩は様々なミネラルが含まれてるよ！
左が精製塩、右が天然塩だよ☺️

























",13,148,"14,240",2025/9/19 18:00:15,https://www.threads.com/@ajinobaba/post/DOxyubPAWxK
,"昨日の投稿、基本の調味料について情報出しすぎた気がする…
でも、バアバちょっと間違えちゃって子育てママにあまり届かなかった🥺
炎上したら予告通り消しちゃうから、子育て中のママは今のうちに見ておいてください！











",0,20,"14,000",2025/08/27 9:40:00,https://www.threads.com/@ajinobaba/post/DN1rSMO5m2W
,"有益すぎるのでこっそり教えます。

健康を気にしてる人へのお土産って選ぶのが難しいですよね・・・

北海道のお土産を3つお教えします！
旅行に行く人は、保存しておくと迷わずに済むかも🫶

バアバは旅行大好きだから、好評だったら続けようかな👵

①花畑牧場 生キャラメル

北海道といえば、花畑牧場！！
空港でも買えるし、めっちゃ美味しい。

こんなに美味しいキャラメルが無添加なのは本当に嬉しいよね🫶
余計なものが入らないと、ダイレクトに素材の味が


②くら屋菓子舗「木彫り熊モナカ」

木彫りのクマがモチーフの北海道らしいよね！
もちろん添加物は入ってないし、グルテンフリーなので体に気を遣ってる人にも渡せるね🫶

これ、めちゃウマだよ✨

③函館洋菓子 スナッフルス「チーズオムレット」
びっくりするくらいにシュワっと溶けるスフレだよ。
新鮮な原材料を使って、職人さんが手作りしてくれてるよ☺️

パッケージも可愛いから、お土産にも向いてるのが嬉しいね🫶












",3,21,"14,000",2025/09/04 15:00:00,https://www.threads.com/@ajinobaba/post/DOK2PQCEdBH
,"炎上したらすぐ消します…🔥
安い肉はとっても怖い秘密があります。

・肉を柔らかくする → 軟化剤
・切れ端をくっつける → 結着剤
・ジューシーにする→インジェクション加工

これらには添加物がたくさん使われてるよ…

そして、普通の牛肉は「表面にしか菌がいない」から、レアで食べても大丈夫。

しかし、成型肉は菌が中にも入り込んでるんだよ👵💦

そんな成型肉の見分け方は…

スーパー
「成型肉」
外食
「やわらか加工肉」
「霜降り加工」
「インジェクション加工肉使用」
この表示がされてる商品には注意してね！
























",1,80,"13,495",2025/9/12 20:00:30,https://www.threads.com/@ajinobaba/post/DOf-7HhiR6-
,"断言します。
めんつゆは家で作った方が美味いし、健康的です。

特別にバアバ秘伝のレシピを教えます
詳しくはこちら👇








材料
水：200ml
みりん：100ml
醤油：100ml
かつおぶし：30g

①全ての材料を鍋に入れ、中火で沸騰させる。
レンジでもOK 600W3〜4分

②沸騰したら、鍋のまま放置して粗熱が取れたら鰹節を濾す。

③清潔な容器に入れて3日を目安に使い切る。



























",0,144,"13,000",2025/08/22 22:00:00,https://www.threads.com/@ajinobaba/post/DNqH_Yqq3ay
,"バアバの独り言です・・・
少し前は加工食品に入ってる添加物を見て「あれもダメ、これもダメ」って思い込んでた。
でも、本当に良く無い添加物は意外と少ない。
そして、本当に美味しいものには、自然の恵があることに気がついて食が楽しくなったんだよね✨
そんなバアバのおすすめ商品を紹介していくから、フォローして待っていておくれ👵










",0,11,"12,000",2025/08/23 6:00:00,https://www.threads.com/@ajinobaba/post/DNq-5BdZiF5
,"16時間前に投稿した「偽物のマヨネーズ」が、約3万人に見ていただけて嬉しいよ👵

ただ、バアバはそれを完全に否定してる訳ではないよ！
知ってて選ぶのと、知らずに選ぶのでは全然違うって話さ✨

特に子育て中のママに届いて欲しいな🫶





",0,52,"11,749",2025/9/9 12:00:03,https://www.threads.com/@ajinobaba/post/DOXZjkukwfL
,"残酷ですが、知らない人は大損します🥹

トップバリュ フリーフロム
109種類以上の添加物を独自基準で配慮してくれてる！

このマークがついてるものは安心だよ✨



































",2,208,"11,000",2025/9/22 12:00:05,https://www.threads.com/@ajinobaba/post/DO435Lakwvk
,"ねぇねぇ妊婦中のママさんたち！！！

バアバ炎上覚悟で語るから、、、この投稿今すぐに旦那さんにも共有して‼️

水99%のウエットティッシュはでも、沢山の薬品が使われているよ👇🥹

水、ポリアミノプロピルビグアニド、フェノキシエタノール、ブチルカルバミン酸ヨウ化プロピニル、ベンザルコニウムクロリド、クエン酸、クエン酸Na、セラミド、ヒアルロン酸

もちろん、たった1%だから気にしなくても良いけど、「ベンザルコニウムクロリド」は肌や粘膜への強い刺激性がある…

バアバのおすすめは👇

天然コットンと滅菌精製水だけで作った
ママとベビーに水だけ濡れコットン
個包装なところも推しポイント✨（1包2枚入り）
a.r10.to/hkMH3…





























",1,51,"10,303",2025/9/12 22:10:06,https://www.threads.com/@ajinobaba/post/DOgNwTVEXnx
,"有益すぎてバズったら削除するかもですが、
無印良品でバアバがよく買ってる無添加商品を紹介します！

無印良品、本当に良いものが多くて嬉しいよね☺️

みんなのおすすめもあったら教えて欲しいな！！

①レトルトカレー：バターチキン
チキンがしっかり入ってるのも嬉しいんだけど、酵母エキスや加工でん粉なども使ってないのが推しポイントだよ！
ちょっと高いけど、それを差し引いても買いたいって思うよ✨

②素材を生かしたふりかけ かつおと山椒
ふりかけって大体アミノ酸が入ってるイメージなんだけど、これには入ってなくて子供のおにぎりなどにも使えて嬉しい🫶
ピリ辛だから、小学生低学年の子には少し辛いかもしれないけど🥹

③国産素材でつくったクッキー
かぼちゃ、とうもろこし、紫さつまいもがあった気がする！
でも、ラインナップが結構変わってるから、その時に何が売ってるか楽しみでもある商品だよ✨




































",3,76,"10,247",2025/9/18 22:48:56,https://www.threads.com/@ajinobaba/post/DOvu-ACEXFZ
,"【朗報】
バアバのフォロワーさんだけにこっそり教えます！！

生姜チューブは添加物が多い。
だけど、すりおろして冷凍はちょっと面倒…🥹

そんな私たちに救世主が☺️
無添加のすりおろし生姜を見つけたらので紹介します！

それは・・・👇

すりおろししょうが 5g x 16袋 トップバリュ
原材料は生姜だけ！
さらに国産の生姜を使ってる。
さらにさらに！5gごとの個包装🥹
これ以外ない！って思ったよ👵✨
他におすすめあったら教えて🫶




































",10,85,"10,104",2025/9/17 20:00:20,https://www.threads.com/@ajinobaba/post/DOs24QJCbx1
,"有益すぎるのでこっそり教えます。
健康を気にしてる人への手土産って選ぶのが難しいですよね・・・

そんなあなたに、おすすめの手土産を3つお教えします👇

①ユーハイム　バームクーヘン
バウムクーヘンに「ベーキングパウダー」すら不使用！
それでいて、しっとりおいしい・・・
個包装タイプもあって喜ばれること間違いなし！


②クラブハリエ　リーフパイ
原材料はたった3つ。クラブハリエが守り続けるこだわりの逸品。
口の中で広がるバターの香りとサクサク食感、やさしい甘さは飽きのこないおいしさです。

③とらや　羊羹
ようかんといえば甘ったるさがあるイメージですが、これはまったく別物。
すっきり上品な甘さに、おしゃれなパッケージ。
手土産にもぴったりで、しかもグルテンフリー対応。






















",2,74,"10,000",2025/08/22 19:00:00,https://www.threads.com/@ajinobaba/post/DNpzW2Yg4SD
,"批判覚悟でいいます。

体の為を思って飲んでいる「ノンアルコールビール」
実は体に悪いって知ってますか？！

実は人工甘味料、カラメル色素、酸味料、香料などが入っていて、アルコールは無いけど腸内環境を悪くする。
しかも、酔わないから満足するまで飲んで量が増えるという悪循環…

イチオシのノンアルコールビールは・・・👇

ヴェリタスブロイ　ノンアルコールビール
・原料はプレミアムモルト、ファインホップと天然水のみ
・添加物は一切不使用
・最先端の脱アルコール技術でアルコールを抜いたノン・アルコールドイツビール
スーパーで売ってるものよりもビール感が強いよ☺️
a.r10.to/h5Xjt… pr 
























",4,82,"10,000",2025/9/20 21:00:24,https://www.threads.com/@ajinobaba/post/DO0sI23jd2L
,"炎上したらすぐ消します…
でも安いって理由で、油を選ぶのはやめてね！

スーパーに並んでる「サラダ油」や「調合油」…
その正体は👇

・化学溶剤で無理やり抽出
・高温処理で酸化しやすい
・トランス脂肪酸が発生することも⚠️

つまり、体には優しくない油なんだよ😭

じゃあ何を選べばいいの？って人に、バアバのおすすめ油を紹介するよ✨

①まいにちのこめ油
国産の新鮮な米ぬかを最も伝統的で基本的な製油法で抽出。
手間はかかるが、風味や栄養分が損なわれてない油だよ👵✨
a.r10.to/hP0v8… pr

②ごま油
ゴマリグナンとビタミンEが含まれている油。
香りや風味の良さが人気だよね！
バアバもごま油は大好きだよ☺️
おすすめは圧搾一番搾りのごま油だよ！
a.r10.to/hN9Sx… pr

③オリーブオイル
・遮光のボトルに入ってること
・1mlあたり3円以下のものは買わないこと
・コールドプレス製法を選ぶ
体に良いイメージのオリーブオイルだけど、高温で抽出されたオイルはトランス脂肪酸が発生して逆効果の可能性も🥹
a.r10.to/hkBtw… pr























",4,72,"9,973",2025/9/11 18:00:04,https://www.threads.com/@ajinobaba/post/DOdMWLfEnVw
,"声を大にして言います‼️

9月までだからしつこいくらい言うけど、ふるさと納税が10月から改悪だよ！！

購入に対してポイントがつかなくなっちゃう…

今年分まだやってない人は、9月中にやるのをおすすめだよ！

バアバのおすすめは…

①【ふるさと納税】蜂蜜 はちみつ 国産
百科蜜、シナ、クローバー、アカシアから選べるのが嬉しい！
トチはもう売り切れちゃったみたいだよ🥹
北海道の十勝から来るハチミツ絶対に美味しいよ😋
a.r10.to/hN5jb… pr

②富士湧水ポーク ひとくち生餃子
甘みのある脂身が特徴の富士湧水ポークを使ったこだわりの餃子！
付属の秘伝の味噌ダレも無添加で、すごく安心かつ美味しい商品だよ☺️
a.r10.to/h5pln… pr

③アーモンドバター無塩 無糖
アーモンドバターって、バアバ初めて見たよ！！
はちみつで甘味を足したり、お菓子作り、和物など使い勝手良さそうで考えるのが楽しいね☺️
アーモンドは体にとっても良いから無添加で無塩・無糖だと、つい気になってしまうね👵✨
a.r10.to/h5G1i… pr






























",3,19,"9,872",2025/9/17 21:00:41,https://www.threads.com/@ajinobaba/post/DOs9yTDEtte
,"なかなか理解してもらえないんですが、
ケチャップは添加物はほぼ入ってないですが、気をつけたい原材料が入ってます‼️

気をつけたいのは添加物だけじゃないです…

食品：糖類（ぶどう糖果糖液糖）
清涼飲料水などに使われてるものです。

安心安全なケチャップは・・・👇

①生活クラブ　トマトケチャップ
生活クラブのケチャップは国産トマトを100%使用したこだわりの商品だよ👵
生活クラブ入らなくてもネットで買えるみたいだよ☺️ 

②高橋ソース　有機トマトケチャップ
有機トマトを使用した、酸味控えめのケチャップ！
成城石井とかで売ってるよ✨ 

③光食品　有機トマトケチャップ
国産有機トマト100%にこだわった有機JAS認証ケチャップ✨
糖類にもこだわっていて、有機砂糖と麦芽水飴を使用してるよ☺️





















",3,129,"9,725",2025/9/19 20:00:03,https://www.threads.com/@ajinobaba/post/DOyAb3AiaMS
,"知らない人は損するよ‼️

9月までだから何度も言うけど、ふるさと納税が10月から改悪だよ！！

購入に対してポイントがつかなくなっちゃう…
合計で3,000〜5000ポイントくらい損しちゃうかも🥹

今年分まだやってない人は、9月中にやるのをおすすめだよ！

バアバのオススメ無添加ふるさと納税は…

①無添加たらこ
食塩だけで漬け込んだ無添加のたらこだよ✨
こんなこだわって作ってる所は少なくなってきてるよね🥹
お届けは2月頃だって🫶
a.r10.to/hkDUc… pr

②十勝ハーブ牛 コンビーフ
牛肉の旨みが凝縮されていて、とっても美味しい🫶
こんな旨みの詰まってるコンビーフは初めて食べたよ！
普通に買うとちょっと高いんだけど、ふるさと納税ならいいかもって思えるね☺️
もちろん無添加だよ🫶
a.r10.to/hkKMt… pr

③飲むみかん（180ml）
有田みかんの果汁100%のストレートジュース！
濃厚だけどすっきりとした甘さ☺️
もちろん無添加！
原材料はみかんのみ✨
バアバの孫も大好きだよ👵
a.r10.to/h5RCS… pr













",3,12,"9,723",2025/9/13 22:00:05,https://www.threads.com/@ajinobaba/post/DOixZ2oghJg
,"こっそり教えますが、
ふるさと納税の寄付限度額は簡単に調べられます👵✨

以下のシミュレーションで見てみてね！
年収は手取りじゃなくて、額面で書くんだよ！

そして、ふるさと納税の最大の注意点は・・・👇

周りの人に寄付限度額を伝えないこと。
逆算して、大体の年収が分かっちゃうからね！！
知られても良い人にだけ伝えるようにしてね☺️
寄付限度額かんたんシミュレーションはこちら
furusato-nouzei.event.rakuten.co.jp/mypag…






























",1,12,"9,475",2025/9/17 22:00:25,https://www.threads.com/@ajinobaba/post/DOtEnugibWT
,"え、まって怖すぎる…
「93%と74%」
この数字、ある国のはちみつが偽物である確率だよ😱

偽物にはシュガーシロップが混ざっていたり、着色料が使われていたりするんだって🥹

その国とは…

トルコ産：93%
中国：74%
これは欧州委員会が調査した輸入はちみつのうち
トルコは93%、中国は74%が偽ものだと判明したんだ🥹
本物のハチミツには、以下のような効果があるよ👵✨
強い抗菌作用で喉の痛みや口内殺菌にも効く
疲労回復・免疫力向上
アンチエイジングなど
バアバのおすすめは国産、ルーマニア、ドイツ、ハンガリー🫶
















",3,81,"9,414",2025/9/11 22:30:06,https://www.threads.com/@ajinobaba/post/DOdrP5Bkd_G
,"有益すぎてバズったら削除するかもですが…
外食＝体に悪いって思ってない？🥹

実は無添加や素材にこだわった外食チェーンもあるんだよ👵

バアバが安心して通えるおすすめ店を紹介するよ！
忙しい日の外食に役立ててね💡

①大戸屋
化学調味料、保存料、香料、着色料不使用！
食材の原材料や産地を公開
②スープストック
化学調味料、保存料不使用
原材料、食材の産地まで公開
離乳食やキッズメニューも充実✨
③丸亀製麺
小麦、水、塩のシンプルな素材
うどんの小麦は国産100%！
しかし、天ぷら粉とちくわなどの加工食品は添加物あり…




























",3,46,"8,889",2025/9/12 11:59:58,https://www.threads.com/@ajinobaba/post/DOfH7gYjuXJ
,"昨日投稿した「ポン酢の投稿」が、既に2万人以上の方に見ていただけて嬉しいよ🫶

みんなもポン酢好きなのかな？☺️

スーパーで買いやすいものをピックアップしたから見てみてね✨

反応良かったらスーパーにはなかなか売ってないバアバのおすすめも教えちゃおうかな！




",0,18,"8,869",2025/9/13 21:00:03,https://www.threads.com/@ajinobaba/post/DOiqiGUEU7h
,"化◯品業界から、本当に怒られそうだけど書きます。

バアバは本気で思うわけ。
高い化粧水や乳液を使うのも良いんだけど、体を作る食べ物の方がよっぽど大事じゃない？って。

実際、バアバが1ヶ月継続して肌の調子がよくなった食材を書いてくね

ツルスベ美肌になるために取ったほうがいい食材TOP3は・・・👇





① 🫐ブルーベリー
アントシアニンで シミ・シワ対策。
紫外線ダメージを抑える抗酸化力が強力。

②🥑 アボカド
ビタミンEとオレイン酸で 血流改善＆保湿。
乾燥肌ケアに効果的。

③ 🌰 くるみ
オメガ3脂肪酸・ポリフェノールが豊富。
抗炎症作用 でニキビや肌荒れを防ぎ、ターンオーバーを正常化。











",0,46,"8,728",2025/08/22 17:00:00,https://www.threads.com/@ajinobaba/post/DNpllqWz6XP
,"昨日の投稿でバアバも勉強になったので・・・
健康に気を使ってるみなさんに聞きたいです👵
ご自身が使ってて、他の人にもおすすめしたいって言う商品ありますか？☺️
完全無添加じゃなくても、出来るだけ添加物少なめで！
この前の投稿で知らない商品をリプで教えてもらって、気になったんだよね！
ぜひ、リプでたくさん教えて欲しいです✨









",0,15,"8,676",2025/08/24 10:00:00,https://www.threads.com/@ajinobaba/post/DNt_MMTZspg
,"大きい声ではいえないんだけどさ…

「減塩＝健康」って思ってたけど、減塩の味をごまかすために、添加物いっぱい入ってる…👵

それって、本当に体に良いのかい？




",0,118,"8,646",2025/9/19 12:00:31,https://www.threads.com/@ajinobaba/post/DOxJjq5CL8c
,"「健康的な商品」と言いながら、人工甘味料・合成香料入りって…

体に良いって言ってるのに、プラマイどっちなんだろう？👵💦





",2,20,"8,559",2025/9/13 18:00:02,https://www.threads.com/@ajinobaba/post/DOiV7mkgv15
,"ねぇねぇママさんたち！！
子どもが大好きなカレーを作る時、カレールーってどこで買ってる？🥹

実はスーパーのカレールーって…
小麦粉と油たっぷりで、毎回使うのちょっと気になる人いない？💦

じゃあ「子どもの体に優しいカレールー」ってあるの？ …👇

「ベジテ（Vegete）」甘口
小麦粉も、よく分からない油も一切なし‼️
国産の「米粉」と「米油」だけで作ったカレールーだから安心🫶
子どもが嫌がるピリ辛スパイスは使ってないけど、香りのいいスパイスはちゃんと入ってて、大人が食べても満足できる☺️
バアバはこれ以上のカレールーに出会ったことがないよ👵
スーパーでは見たことないから、ここに置いておくよ👵✨
a.r10.to/hks9T… pr
































",1,18,"8,515",2025/9/16 22:00:39,https://www.threads.com/@ajinobaba/post/DOqf2hxjO6Z
,"昨日投稿した「焼肉のタレの選び方」が、既に2万人以上の方に見ていただけて嬉しい👵✨
 
 みんな焼肉のタレってお料理に使うよね？

豚こまと玉ねぎを炒めて、焼肉のタレをかけたら1品完成だから、特に育児中の忙しい全ママに届いて欲しいな‼️





",0,18,"8,511",2025/9/14 20:00:44,https://www.threads.com/@ajinobaba/post/DOlIikXDwu3
,"これ作ってるメーカーさん本当に天才です..

おせち料理って作るの大変だけど、買ったら添加物もりもり…
だからバアバは作ってるんだけど、無添加国産にこだわったおせちを見つけたら紹介するね👵✨

9月まで早割があるみたいだから、購入検討してる人は急いでね💨

バアバのおすすめは👇

①白木長手1段重 無添加おせち 2〜3人前
主原料国産・天然・化学調味料不使用、合成着色料・合成保存料不使用の身体に優しい無添加おせち🫶
a.r10.to/hPhuG… pr 

②「イシイの祝春華」和風三段重３～４人前
無添加、国産素材で作られてる安心おせち
専用包装もかわいい☺️
a.r10.to/hkVin… pr 

③塩ぬき屋 おせち 無添加
国産素材を集め、無添加調理にこだわってる！
さらに減塩という、体に優しいおせち✨
a.r10.to/h5vQF… pr 


















",3,23,"8,028",2025/9/19 21:00:01,https://www.threads.com/@ajinobaba/post/DOyHTHhAKFx
,"炎上したらすぐ消します。

信じられないですが
生姜チューブは半分以上が生姜以外のもので出来てます🥹

体に良いはずの生姜なのに、たくさんの添加物を取ってることになるんだって…

実は家で簡単に作れるから、作るのがおすすめだよ☺️

作り方と注意点は・・・👇

生姜の皮を薄く剥いてすりおろす。
大きめにタッパーに薄く伸ばして冷凍する。
凍ったら適当な大きさに砕いてジップロックで保存する。
⚠️冷凍前にラップをしない
凍った後、ラップが破けて料理に混入する恐れがあるよ👵













",3,119,"7,971",2025/9/15 18:00:40,https://www.threads.com/@ajinobaba/post/DOnfmBZCgP5
,"怒られそうだけど、書きます。

子どもが毎日食べるごはん。
その味のほとんどを作っているのは調味料だよ👵

でも市販の多くには、果糖ぶどう糖液糖や添加物が。
だからこそ、調味料を変えるだけで家族の未来は大きく変わる。

だけど、難しく考えなくて大丈夫！👇
ネットでもスーパーでも迷わず揃えられるように凝縮してあります☺️





























",3,95,"7,955",2025/9/29 22:00:47,https://www.threads.com/@ajinobaba/post/DPL-M_pDJBU
,"子育てママ必見‼️

【体にも家計にもやさしい健康食材BEST10】
1.卵：完全栄養食で朝晩どちらもOK。
2.豆腐：味噌汁・煮物・冷ややっこで万能。
3.鶏むね肉：安くて高タンパク、唐揚げにしても◎。
4.サバ缶（水煮）：骨ごと食べられてカルシウム補給。
5.白米＋雑穀：腹持ち抜群、栄養バランスも強化。
6.キャベツ：煮ても炒めても使える常備野菜。
7.冷凍ブロッコリー：下ごしらえ不要、栄養も彩りも◎。
8.もやし：コスパ最強、炒め物やスープのボリュームアップ。
9.バナナ：おやつ代わりに最適、価格も安定。
10.無調整豆乳：味噌汁やポタージュに入れて栄養強化。

買い物するときに見れるように自分のラインに共有しとくといいよ👵

この後も、有益なこと呟くからフォローしといてね✨
@ajinobaba
































",0,41,"7,736",2025/08/22 14:56:00,https://www.threads.com/@ajinobaba/post/DNpXfjSxzzu
,"え、待って怖すぎる…😱

洗濯洗剤って無添加って書いてあっても、よく見ないとダメみたい…
「一部の成分が無添加」ってだけで、人や環境に良いものじゃないみたい…

特にバアバがびっくりしたのは「さらさ」
すごく体に良さそうだったのに、合成界面活性剤が入ってるらしい🥹

バアバがおすすめする無添加の食器用洗剤は・・・👇

①ミヨシ石鹸 無添加 お肌のための洗濯用液体せっけん
2つ買うと送料無料でお得だよ☺️
a.r10.to/hPVxs… pr

②シャボン玉スノール　洗濯用せっけん
a.r10.to/h52Fk… pr

③サラヤ アラウベビー 洗たくせっけん
a.r10.to/hFOgp… pr





































",6,59,"7,721",2025/9/15 20:00:09,https://www.threads.com/@ajinobaba/post/DOntRKlDxZ9
,"独り言なんですが…
昨日の【トップバリューのフリーフロム】の投稿はあまり需要なかったのかな…？

109種類以上の添加物を独自基準で配慮してくれてる素晴らしい制度だよ☺️

これを知ってるだけで、お買い物するのが少し楽になると思う！






",5,82,"7,471",2025/9/23 12:03:33,https://www.threads.com/@ajinobaba/post/DO7dFbaEcSP
,"ついに公開👵✨
【楽天で買える ほぼ無添加200選note】

アジノババの20年間、約40,000時間を盛り込んだnote

「家族を守る食事は、この1冊から」心からそう言い切れる内容です‼️

✔ 買い物のたびに悩むの、今日でおしまい。
✔ 冷凍も調味料もストック食材もこの中に。
✔ 無料部分だけで4,000字、即実践できる話も入ってます。

【無料モニターの声】
「調味料まで網羅されてて、ありがたすぎました😭」
「備蓄にも良さそう！次のセールで買います🫶」
「主菜から副菜まで、家族のごはん全部カバーできそう」

初回10名さまだけ破格でご案内👵✨
その後は販売部数ごとにお値段調整入ります！

まずは無料部分だけでも読んでみてね👇

さっそく1部✨
安心の無添加生活の第一歩だね👵🫶 

みなさん続々とありがとうございます！！
最初の10部が最安値です✨ 

ご購入ありがとうございます！！
嬉しい感想、たくさん頂いています✨
あと2部で最終値上げとなります！
ご検討中の方は値上げ前にどうぞ🫶 








",3,7,"7,359",2025/9/28 20:01:54,https://www.threads.com/@ajinobaba/post/DPJLzRrj_OL
,"炎上したらすぐ消します！

CMしてる有名ブランドってあんまり無添加ってイメージないよね。

逆にCMに出てこない小さなメーカーほど、原材料にこだわって安心・安全を追求してる🫶

CMにお金を使わない分、本物の素材に投資してるんだと思う👵

だからこそ、バアバが頑張ってる企業の商品を広めていきたい🥹
そしてみんなで買ってその企業を応援したいね✨













",9,344,"7,314",2025/9/29 20:00:17,https://www.threads.com/@ajinobaba/post/DPLwaWpkS4l
,"炎上したらすぐに消します。part4
子育てをしてるママは、悪いこと言わないから最後まで見て‼️

①プリン
②カステラ
③アイス

子供が絶対に食べたがるおやつ！
でも、結構怖い添加物が入ってるものも多いんだよね・・・

ちゃんと選ばないと、食事では気をつけてたのに台無しという最悪の結果に😭

スーパーで簡単に手に入って、安心&安全のおやつは・・・👇

① プリン
・ゲル化剤が入ってるのはNG
・カラメル色素は発がん性物質の恐れがあるのでNG

作ったことある人は分かると思うけど、本来は卵だけで固まるのにゲル化剤で固める・・・
高い卵を減らして値段を安くするためだよね👵

そんな怖いものを食べさせられないよ・・・

スーパーで買える、バアバおすすめのプリンは・・・
・栄屋乳業 こだわり極プリン
・メイファーム 牛乳と卵のプリン


②カステラ
・保存料や香料に注意が必要
・抹茶やイチゴなどのフレーバーは着色料にも注意

そもそも、カステラには添加物が少なめだから、体に優しいおやつではあるよ☺️

ただ、保存料とかは避けたいね。

スーパーで買える、バアバおすすめのカステラは・・・
・西友　お墨付きシリーズのカステラ
・やまざき　しっとりカステラ

③アイス
・ぶどう糖加糖液糖は出来るだけ避けたい
・香料も結構使われているので、可能であれば避けたい

値段が高くなるので難しいけど、出来るだけアイスミルクかアイスクリームを買いたいね👵

そんなバアバのおすすめアイスは・・・
・Dear Milk
・井村屋　あずきバー",9,33,"7,306",2025/08/27 20:00:00,https://www.threads.com/@ajinobaba/post/DN2yJaq0K8G
,"昨日投稿した「100%ジュースを一目で見分ける方法」が、2.3万人に見ていただけて嬉しいよ👵

これを知ってるだけで、100%ジュースだと思ったのに違った…😭
な〜んてことにはならないね✨

子育て中の全ママに届いて欲しいな🫶




",2,34,"7,219",2025/9/9 19:01:00,https://www.threads.com/@ajinobaba/post/DOYJt6gjydA
,"独り言なんですが…

昨日の【牛乳と牛乳風の飲料を一瞬で見分ける方法】っていう投稿はあまり需要なかったのかな…？

昔、旦那に牛乳をお願いしたら成分調整牛乳を買ってきて、これじゃないよって説明してもあまり伝わってなかった気がして…🥺

昨日の投稿内容を教えてたら、それ以降間違えることが無くなったんだよね✨

知っておいて損はないから、気になる人は見ておいてね☺️



",0,22,"7,016",2025/9/17 12:00:04,https://www.threads.com/@ajinobaba/post/DOr_6s_gKXf
,"子供ってやっぱり凄すぎる✨

前に紹介した、前田家の和風だしを買った人のお子さんが味噌汁を残さず飲むようになったらしい…

子供は味覚が敏感っていうけど、本当に美味しいものに気が付く能力も高いのかも知れないね🤔

前田家の和風だし、下に貼っておくよ👇

前田家 完全無添加 至極の和だし
枕崎産の鰹節を使用し、煮干し、椎茸、ホタテ、昆布など
合計8種類の厳選された国産の原材料を使ってる和だし‼️
自然の旨み成分が爆発していて、添加物使う必要がないね👵✨
a.r10.to/hPRfP…



























",1,26,"6,980",2025/9/15 6:59:58,https://www.threads.com/@ajinobaba/post/DOmT-40jWM4
,"一言だけ言わせてください。
「ごまをそのまま食べるのはやめて‼️」

実はごまの殻はとっても硬くて、なかなか消化できないんだ👵

せっかく体に良いものを食べてても、ほぼ吸収できないなんてことも…

バアバはすりごまにするのがオススメだよ✨

すりごまだと、吸収率が約２倍以上になるという研究結果もあるんだ☺️
スリッキーとかが便利だね〜！


































",1,57,"6,916",2025/9/11 20:00:21,https://www.threads.com/@ajinobaba/post/DOdaHKoD8kG
,"断言します！

スーパーで買えるバニラアイスでコスパ最強なのは…

Dear Milkです‼️
原材料は乳製品のみ！

乳製品とは「脱脂濃縮乳・クリーム・コンデンスミルク」
香料も使われてなくて安心だし、美味しすぎる☺️

これ以外で、みんなのおすすめバニラアイスある？


























",5,110,"6,814",2025/9/18 20:00:16,https://www.threads.com/@ajinobaba/post/DOvbqnvicdc
,"勘違いしないでください・・・

バアバは添加物を全て悪い！なんて思ってないよ！

例えば、豆腐を固める「にがり」も添加物だもの。
だけど、豆腐を作るのに消泡剤はいるのかな・・・？

多少、穴ボコ空いてても美味しいじゃない☺️

でも、私たち消費者が、綺麗なものを求めすぎた結果の企業努力なんだよね・・・

だから、この状況でも余計な添加物を使わずに頑張ってる企業さんをバアバは全力で応援したいんだ👵




",0,103,"6,782",2025/9/20 22:00:49,https://www.threads.com/@ajinobaba/post/DO0zDRMggod
,"ふるさと納税まだやってない人は、全員9月までにやるんだよ‼️

今年の10月から、ふるさと納税の仲介サイトでポイント付与が禁止になるんだよ😭

自分のポイント倍率にもよるけど、1000ポイントくらいは返ってくるのに10月になると0ポイント・・・

ふるさと納税やろうと思ってる人は、9月中にやるのがオススメだよ🫶

バアバのおすすめの寄付先は…

①有明海産 無添加めかぶとろろ
原材料めかぶだけの完全無添加！
チューブに入ってるから使い勝手が最高☺️
ちょっとお醤油をたらして、熱々ご飯の上に乗っけて食べるのが最高なんだよね👵✨
a.r10.to/hYkiB…　pr

②石垣牛100% 手作り ハンバーグセット
「冷凍だから便利なのに本格的！」
忙しい日のご飯でもご褒美感出せるのが嬉しいね👵
家で焼くだけでなのに、専門店のハンバーグみたいだよ✨
a.r10.to/hkAdL…　pr

③寝かせ玄米ごはんパック160g 4種ミックス
玄米って硬くてポソポソのイメージだけど、世界が変わる😳
レンチン1分半で、もっちもちの寝かせ玄米！
小豆・黒米・十五穀・もち麦…
今日はどの味にしようかなって選ぶのも楽しい✨
a.r10.to/hghb9… pr




























",3,14,"6,664",2025/9/9 21:00:02,https://www.threads.com/@ajinobaba/post/DOYXWcKCKFl
,"悪いことは言わないから、子育て大変なママさんは全員冷凍食品ストックして‼️

子供のご飯に気を使いすぎて、自分のご飯が適当になってやしないかい？😭
バアバは若い頃、それもあって栄養失調で倒れたんだよ。

今からほぼ無添加の冷凍食品を教えるから、忙しいママは冷凍庫にストックしなされ。
それだけで、心の余裕になるよ🫶

おすすめの冷凍食品は・・・👇

①中山道ハム　無添加ソーセージ10種セット
ドイツで修行してきたご主人が本気で作ってる無添加ソーセージ
天然の羊腸を使ったソーセージは、パリっと食感が段違い😳

これ食べたら、スーパーで売ってるのは食べれなくなるかもよ・・・

私みたいにめんどくさがりのためにURL貼っとくね👵
https://a.r10.to/hgq69d

②無添加たこ焼
一般家庭にあるもので作ってる安心安全のたこ焼きだよ！
電子レンジで温めてすぐ食べれるから、子供の軽食にもピッタリだね☺️

私みたいにめんどくさがりのためにURL貼っとくね👵
https://a.r10.to/hYHuRd

③秋川牧園 人気の5点セット
無投薬飼育で育てた鶏肉を使った安心安全の商品だよ！
ここまで信頼できるものは、すごく珍しいから買って応援しないとだよに☺️

ここだけの話・・・
秋川牧園のナゲットはマックナゲットの何十倍も美味しいよ・・・
孫は最近マックナゲット食べなくなっちゃった😂

私みたいにめんどくさがりのためにURL貼っとくね👵
https://a.r10.to/h5kG5L















",3,44,"6,636",2025/08/28 19:00:00,https://www.threads.com/@ajinobaba/post/DN5QHnSDNh9
,"え、待って怖すぎる…😱
みんなラップの耐熱温度って知ってる？！

耐熱温度を超えた場合、添加物の溶け出すらしいよ…😭
その耐熱温度は110度〜140度・・・

120度以上はレンジにギリギリ対応できるみたいだけど、
せっかく食事の添加物に気をつけても、これじゃあ意味ない😭

バアバがおすすめするラップは・・・👇

【fungoo シリコンラップ】
シリコンラップは良いこと尽くめ！！
・年間約6,800円の節約
・耐熱温度230度でレンジでも安心
安心なのに節約出来るのは嬉しいよね🫶
a.r10.to/h5EwR… pr































",1,20,"6,597",2025/9/18 21:00:19,https://www.threads.com/@ajinobaba/post/DOviidPgDiC
,"炎上したらすぐに消します🔥

添加物なんて気にするな派 vs 日本は添加物大国で危険派
この2つって結構争ってるイメージがあるんよね…

そんな中で、バアバはゆる無添加を選択してるよ✨
前にフォロワーさんに聞いた時も、ゆる無添加の人が多かった🫶

でも、ゆる無添加でも苦労してる人が多いイメージなんだよね…🥺

・どこまで無添加にするか線引きが難しい…
・添加物の見分けがつかない…

他にも悩みがあったら、バアバに教えてね
答えられるものは全部回答するよ👵✨





",1,61,"6,576",2025/9/19 22:00:22,https://www.threads.com/@ajinobaba/post/DOyONK3gUlu
,"投稿した「ポン酢の投稿」が2.5万人以上の方に見ていただけてるよ！

ありがたいことにバアバのおすすめも教えてっていう連絡も何件か貰ったよ😌

今回はネットで買えるこだわりのポン酢を紹介するね🫶

①無茶々園 ゆずぽん酢
愛媛県の老舗醤油蔵「梶田商店」の醤油とストレートのゆず果汁を贅沢に使用したポン酢だよ！
バアバの味覚的にゆず６：醤油４くらいに感じるよ！
かなりさっぱりしてるから、餃子とかにも合う🫶
a.r10.to/hgDTQ… pr

②森田醤油店　手造りぽん酢
国産の大豆を使った醤油にすだち、だいだい、ゆず果汁を使ったフルーティーなポン酢だよ！
水炊きなどのお鍋系に合わせるのが大好きだよ👵✨
a.r10.to/hkQP7… pr

③【 本気のぽんず 】 無添加 200ml
ゆずの香りがふわっと広がって、酸味もまろやかでめちゃくちゃ使いやすいよ！
サラダとか冷しゃぶにも合うから、このポン酢も捨てがたい🥹
a.r10.to/h5x0D… pr

































",5,16,"6,568",2025/9/15 22:00:42,https://www.threads.com/@ajinobaba/post/DOn7EDzk037
,"ねぇねぇ子育て中のママさんたち！！
子供のおやつ選び、本当に大丈夫かい？👵

子供がお菓子って乳化剤、膨張剤、ショートニングとか心配になる原材料が多いよね…😭

この前、バアバがスーパーで買ってる美味しいお菓子を教えるね！

それは・・・👇

①発酵バターが香るショートブレッド
小麦粉、発酵バター、砂糖、マカダミアナッツ、食塩
たったこれだけ😳
発酵バターの香りが最高なんだよね！

②はちみつ香る黒ごまバー
クッキーかは微妙な所だけど、美味しいから紹介するね！
甘さ控えめで、食物繊維もしっかり取れるから嬉しい！
バアバのイチオシだよ🫶

③タイティーブラウニークリスプ
小麦粉を使わずにココナッツ粉で作られていて、サクッとしててすごく食べやすいんだよね☺️
味も3種類あって毎日変わる変わる食べてても飽きないよ
プラザとかによくあるイメージだね👵

































",3,32,"6,555",2025/9/14 18:00:02,https://www.threads.com/@ajinobaba/post/DOk6ugigRMU
,"炎上したらすぐに消します。part3
家族の健康を気にしてるママは、悪いこと言わないから最後まで見て‼️

①塩
②醤油
③料理酒
④みりん

どれも和食には欠かせない調味料だけど、、、
ちゃんと選ばないと、美味しくない&体にも良くないと言う最悪の結果に😭

スーパーで簡単に手に入って、安心&安全の・・・👇

① 塩
・裏の成分表示の塩化ナトリウムが99%以上の塩はNG。
・製法は天日干し、平釜で作られていること
・成分表示にマグネシウムなど様々なミネラルが記載されてる

海に囲まれてる日本で美味しい塩を食べないのは本当にもったいないと思う😭

精製塩と呼ばれる、塩化ナトリウム99%はただ塩辛いだけだけど、天然塩は甘みがあってとっても美味しい👵

スーパーで買える、バアバおすすめの天然塩は・・・
・海の精
・赤穂の天塩（コスパ最強👵）


②醤油
・原材料は原料「大豆・小麦・塩」だけ。
・脱脂加工大豆を使ってる醤油は絶対に使わない。

他にも天然塩か？国産小麦か？天然醸造か？木桶か？ってネットには情報あるけど、疲れちゃうよ👵

だから、バアバは絶対この2つだけ厳守してる！
脱脂加工大豆と丸大豆の醤油は、醤油だけで味見をすると全然違うよ・・・

脱脂加工大豆は醤油風味のしょっぱい液体😭


バアバおすすめの醤油は・・・
・井上古式醤油（バアバ一番のお気に入り）
※スーパーで売ってるとこ見ないから、いつも買ってるとこのリンク貼るよ👵
https://a.r10.to/hP2uPL

・ヤマサ醤油 有機丸大豆の吟選醤油（コスパ最強）

③料理酒
・原材料は「米・米麹（こめこうじ）」だけ！
・塩や糖類が添加されていないこと

塩が添加される理由は、そのまま飲めないようにして酒税法に引っかからないため。
消費者のためってことはないんだよ・・・（安くはなるけど）

本物の日本酒で作る和食は最高に美味しいからね👵
騙されたと思って、米と米麹（醸造アルコールは許容）の酒を買ってみておくれ

そんなバアバのおすすめ日本酒は・・・
・日の出 料理専用 米だけの酒(900ml)

④みりん
・米、米こうじ、焼酎（または醸造アルコール）のみ
・添加物は糖類のみ許容
・伝統的なみりんは、「もち米・米こうじ・焼酎」だけで熟成期間は1年以上

ちょっと高いんだけど、バアバは伝統的製法のみりんを強くおすすめするよ☺️
砂糖や蜂蜜では出せない、まろやかで上品な甘みが特徴なんだよ。

煮込みでも、全然ちがうよ👵

そして、伝統製法のみりんはロックで飲んでも最高に美味い！🥃
騙されたと思って試して欲しい🥹

そんなバアバのおすすめみりんは・・・
・福来純「伝統製法」熟成本みりん
・角谷文治郎商店 有機三州味醂",10,120,"6,460",2025/08/26 22:00:00,https://www.threads.com/@ajinobaba/post/DN0bHoM0ENL
,"【ご報告】

ありがたいことに昨日も1500人くらいの方にフォローしていただいてバアバ嬉しいよ👵✨

これからも皆のお役に立てるように頑張るよ！

いいねやコメント貰えると本当に嬉しいから、ぜひお願いします🫶

















",2,24,"6,363",2025/09/06 7:00:00,https://www.threads.com/@ajinobaba/post/DOPI5lPDbem
,"バアバのフォロワーさんだけにこっそり教えます👵✨

実は…業務スーパーで買えるオススメ無添加お菓子が3つあります！

それは…👇

①ロータス ビスコフ
シナモン好きのバアバからしたら、たまらないビスケット☺️
カルディで買うより業務スーパーのほうが安かったよ✨
膨張剤が入ってるけど、それくらいは許容範囲かなって思ってる！ 

②ローストココナッツチップス
原材料はココナッツのみで、砂糖も塩も使ってないんだけどクセになるんだよね！
お手頃価格だし、ヨーグルトにトッピングしても美味しいよ！ 

③ナッツキューブ
糖蜜、落花生、砂糖のみ！
結構甘いから、コーヒーやお茶と一緒に少し食べるのがちょうど良い！
コスパ最強かも🫣 























",3,72,"6,286",2025/9/25 12:00:40,https://www.threads.com/@ajinobaba/post/DPAmV_2ACzg
,"れつマムさんが昨日のバアバの投稿を見て投稿してくれたよ✨
この投稿のリプで詳しく説明したから、コチラも見てみてね👵






































",0,5,"6,253",2025/08/28 12:27:00,https://www.threads.com/@ajinobaba/post/DN4jNPVEc_p
,"バアバ怒ってます‼️

ママもパパと同じくらい頑張ってるのに、「手抜き」なんて言われたら悲しいよね。

子どもにご飯を出してあげてるだけで十分立派✨
だから、もっと自分を楽にしていいの☺️

バアバが愛用してる無添加+時短の味方を紹介するね👇

①鯖の切り身30g×20切れ
味噌煮、揚げ焼き、塩焼きで立派なメインのおかずに✨
a.r10.to/h5BS8… pr

②おかわりくんのおすすめセット 12種類×1パック
a.r10.to/h5cIA… pr
忙しい日はこの2つでサクッと時短しちゃいましょう👵✨




























",2,17,"6,106",2025/9/14 22:00:38,https://www.threads.com/@ajinobaba/post/DOlWQrHD20s
,"この前、孫とスーパーに行った時に
「なんでハムの方が豚肉より安いんだろう？」って聞かれたんだよね。

簡単にいうと、安いハムは添加物でかさ増しされてるんだ…🥹

原料の肉の1.3倍くらいになることもあるらしい…

そりゃそうだよね。
普通、加工してるなら普通の豚肉よりも安くなることなんてないよね😭
だから、誠実に頑張ってるメーカーさんを応援したいね！！ 













",1,48,"6,035",2025/9/18 18:00:45,https://www.threads.com/@ajinobaba/post/DOvN_QEkiu7
,"「酵母エキス」ってどうなの？添加物じゃないけど…

という質問をフォロワーさんからいただいたので
怒られそうだけど、書きます。

「酵母エキス」は、表示上は添加物ではありません。
でもバアバは限りなく「添加物に近い」と思ってるよ👵

簡単にいうと、昆布とか使わずにコストカットするためでもある旨み調味。

とはいえ、完全にNGとも思ってないんだよね。
外食やお惣菜で完全に避けるのは現実的じゃないし…

その商品の中で「どれくらい入ってるか」が比較的見えやすいという点では、
添加物よりも安心できる面もあるんだよね🤔





",0,33,"5,919",2025/9/20 20:00:28,https://www.threads.com/@ajinobaba/post/DO0lR1LjUL1
,"【ご連絡】
タイムラインを見てると、無添加の良い商品を知ってる人が多いと思ってバアバはSNSを始めて良かったと思ってる☺️
そんな人は積極的にフォローさせてもらいます！
私もおすすめ商品を伝えていくからフォローしてくれたら嬉しいよ！
良い商品紹介してくれてる人は、ちゃーんとフォローバックするからね👵








",0,9,"5,872",2025/08/18 20:00:00,https://www.threads.com/@ajinobaba/post/DNfnGPOsKL5
,"本当にずるくない？！
バアバの独り言なんだけど…

科学調味料だけ抜いて「無添加」って名乗ってる商品。
香料も着色料も入ってるのに、なぜか堂々と無添加アピールしてる…

こんなの、みんな信じちゃうよね😭





",0,127,"5,790",2025/9/16 12:00:34,https://www.threads.com/@ajinobaba/post/DOpbLf1CiTd
,"有益すぎてバズったら削除するかもですが、
普通の牛乳と乳飲料は目を閉じてても判断できます‼️

牛乳には上にくぼみがあって、低脂肪牛乳などの乳飲料にはくぼみが無いんだよ👵

迷ったら上を見ればOKだよ！

旦那さんやお子さんにも教えてあげると、お使いのミスが減るかもだよ✨



























",1,78,"5,755",2025/9/16 18:00:48,https://www.threads.com/@ajinobaba/post/DOqEZ61AQz0
,"勘違いしないでください・・・
バアバは添加物を全て悪い！なんて思ってないよ！
例えば、豆腐を固める「にがり」も添加物だもの。
だけど、豆腐を作るのに消泡剤はいるのかな・・・？
多少穴ボコ空いてても美味しいじゃない☺️
でも、私たち消費者が、綺麗なものを求めすぎた結果の企業努力なんだよね・・・
だから、この状況でも余計な添加物を使わずに頑張ってる企業さんをバアバは全力で応援したいんだ👵
みんなはどう思う？
リプで教えておくれ✨













",4,84,"5,717",2025/08/28 20:00:00,https://www.threads.com/@ajinobaba/post/DN5W9CrjYD0
,"え、待って怖すぎる…😱
みんなラップの耐熱温度って知ってる？！

耐熱温度を超えた場合、添加物の溶け出すらしいよ…😭
その耐熱温度は110度〜140度・・・

120度以上はレンジにギリギリ対応できるみたいだけど、
せっかく食事の添加物に気をつけても、これじゃあ意味ない😭

バアバがおすすめするラップは・・・👇

【fungoo シリコンラップ】
シリコンラップは良いこと尽くめ！！
・年間約6,800円の節約
・耐熱温度230度でレンジでも安心
・食品衛生法検証済✨
・安心の日本メーカー製
・楽天スーパーセールで半額！！
10枚セットなのに1500円だよ！
安心安全で、1年使ったら実質無料👵
今だけのチャンスだね✨
a.r10.to/h5EwR… pr

































",9,56,"5,711",2025/9/7 8:00:19,https://www.threads.com/@ajinobaba/post/DOR0h6aDRVH
,"ねぇねぇママさんたち！！！
子供の集中力を高めるのには、朝食にたった1つ足すだけで良いって知ってた？✨

朝の脳は、糖分だけじゃ動かないんだよ👵

でも、たんぱく質が入ると「神経伝達物質」が働いて、頭がスッキリ動き出すよ。

バアバのオススメは、完全栄養食の卵（ゆで卵）
だけど茹でるのはめんどくさい…

そんな人にオススメなのは・・・

ゆでたまご器
電子レンジだから、半熟・固茹でも自由自在✨
バアバは洗い物するときにレンジに入れて、殻を剥いておいて朝に食べるよ☺️
a.r10.to/hF1xk… pr



























",3,14,"5,691",2025/9/10 7:00:27,https://www.threads.com/@ajinobaba/post/DOZcEBXgeOr
,"【ご連絡🫶】

みなさん！！
ありがとうございます！！

公式ラ◯インから、どんどん質問や相談いただいてます👵

みんな食に対して真剣に考えてるから、バアバ感激だよ✨

ラ◯インはちょっと…
って人はthreadsのDMでの相談も待ってるからね✨

秘密は絶対守るから安心して相談してね☺️




",0,6,"5,642",2025/9/12 7:00:52,https://www.threads.com/@ajinobaba/post/DOels0BEu7c
,"お願いです‼️

ゆる無添加の人の「ここだけは譲れないこだわり」を教えてくれるかい👵✨

全部を無添加にするのはむずかしいけど、
「これだけは絶対！」っていうマイルールあるよね？

バアバはお塩だけは譲れない派☺️
天然塩は本当に美味しいからね✨

みんなはどこにこだわってる？





",15,32,"5,637",2025/9/9 21:59:59,https://www.threads.com/@ajinobaba/post/DOYeNjOEXlI
,"これ、今日中に知らないと損します‼️
だから、バアバのフォロワーさんには、こっそり教えます。

今日は楽天市場が全ショップポイント３倍！

昨日、楽天イーグルスとヴィッセル神戸が両方勝ったから👏

次に３倍くる可能性がある日は13日！

でも両方勝てるかは分からないから、欲しいものは今買っちゃうのがいいかも☺️

ポイント３倍の注意点は・・・👇

①必ずエントリーしてから購入すること！
②1注文の最低金額は1,000円以上！
③獲得ポイントの上限は1,000ポイントまで！
今日の23：59までだから急げ〜💨
event.rakuten.co.jp/campa…

















",1,9,"5,636",2025/9/8 12:00:46,https://www.threads.com/@ajinobaba/post/DOU015-Eton
,"今、「楽天で買えるほぼ無添加200選」っていうnoteを書いてます☺️

商品名まで出して、
✔どれが安全か？
✔なぜ美味しいか？
全部ぜんぶ、正直に書きました。

お友達に見せたら
『こんなの大手メーカーから怒られるよ😳』って…。

でもさ、大手メーカーの多くはコストカットで添加物入れてるのが現実。

それを知らないまま、ママたちに選ばせるのは嫌なんだよね…

怒られるの怖いから…限定公開にしようかな？
読みたい人いるかい？👵✨

公式ラインでも読みたい！って言ってくれる人がいて嬉しい！
バアバ頑張っちゃうよ🔥 






















",27,192,"5,567",2025/9/24 22:00:37,https://www.threads.com/@ajinobaba/post/DO_GNZvieE_
,"批判覚悟でいいます。
あなたの家のオイスターソース大丈夫ですか⁉️

中華料理や炒め物に欠かせないオイスターソース
少し入れるだけで美味しくなるんだよね👵✨

だけど、有名なメーカーでも「化学調味料無添加」って書いてあるのに、増粘剤やカラメル色素はしっかり使われてる…

バアバがおすすめする安心して使えるオイスターソースは…👇

①前田家 無添加 オイスターソース
余計なものは入れない国産のオイスターソース☺️
藻塩、てんさい糖を使うこだわり！
間違いなく安心安全のオイスターソースだね！
a.r10.to/hNtOK… pr 

②光食品 オイスターソース
安心と信頼の光食品のオイスターソース☺️
広島県産の牡蠣、塩はシママース、みりんは三河みりん
こだわりが半端ない‼️
a.r10.to/hgGIy… pr 

③政之助商店 広島オイスター
お値段は正直結構高い…
けど、広島県産の牡蠣と塩だけ
これが正真正銘、本物のオイスターソース⁉️
a.r10.to/hkBx6… pr
こういう頑張ってるメーカーさんの商品を購入して応援しよう☺️













",3,52,"5,559",2025/9/21 20:04:14,https://www.threads.com/@ajinobaba/post/DO3KgRqkSsO
,"バアバ、とっても怒ってます👹
離乳食期のママが添加物に気をつけてるのに、義母と旦那に気にしすぎって言われて自信をなくしてる人がいるらしい…
全部避けることはできないけど、努力してるのに無駄って言うのは違うよね・・・
私はそんな人の味方でいたいと思ってる！
同じ境遇の人はいいねして、バアバに教えてね👵











",0,32,"5,536",2025/08/27 22:00:00,https://www.threads.com/@ajinobaba/post/DN2_8ACXsLP
,"子供が魚食べなくて困ってるお母さんはこれ使ってみて🥹

【無添加・国産・天然・無塩・骨取り】
これだけ揃って、さらに30gが20切れだから、収納もスッキリ！

マジで育児ママ最強の味方！
子供が残したとしても30gだから、次の日の弁当になるよ☺️

おすすめの商品はコチラだよ👵
すぐに飛べるように置いておくね！

https://a.r10.to/hRM64F

https://a.r10.to/h5L0sn

https://a.r10.to/hkghTb",3,12,"5,532",2025/08/24 18:00:00,https://www.threads.com/@ajinobaba/post/DNu2GYowAhn?xmt=AQF0zopI820oJ62Z0BUk6_69UpAyrzz4NI8HpJ4uPFySN9c
,"「怖すぎる食器用洗剤の注意点」が、6万人以上の方に見ていただけて嬉しいよ👵

「うちは食洗機なんです…」という声もたくさん届いたよ

今では食洗機のお家も多いから気になるよね！
バアバ、そこまで気が利かず申し訳なかったよ😭

そこで徹底的に調べた結果…
食洗機があったらバアバは「これ」を選ぶ‼️

おすすめと理由は・・・👇

①シャボン玉 食器洗い機専用 500g
合成界面活性剤の使用はなし！
さらに、原産国が日本なのも安心できるポイントだね☺️
粉タイプで4〜５人用で約100回洗える高コスパ✨
多くの人が高評価だったけど、粉が溶けにくいってレビューも1件だけ見かけたよ💦
a.r10.to/h5lle… pr

②地の塩社 食器洗い乾燥機専用洗浄剤
合成界面活性剤の使用はなし！
洗浄中に香料の嫌な匂いが広がることも無いみたい🫶
そして生産国は日本✨
多くの人が高評価だったけど、粉が庫内に残るってレビューも少し見かけたよ💦
でも、見てると入れすぎなんじゃ・・・？って思う😂
a.r10.to/h5wBy… pr

③宮本製作所　食器洗い機用 液体マグちゃん
水とマグネシウムだけの洗剤！！
バアバこれ見てびっくりしたよ😳
もちろん、生産国は日本！
赤ちゃんがいる家庭はとっても安心だよね✨
値段が高いっていうレビューもあるけど、、、
4人想定で使用しても100回洗えるから、そんなに気にならないレベルかなって思うよ☺️
a.r10.to/hRlRm… pr

バアバだったら、マグちゃんから使い始めるかな！！
でも②の地の塩社も捨てがたい…
嬉しい悩みだね！！☺️
どれが良いか迷ったら、コメントでも相談してね✨





",6,47,"5,500",2025/9/7 21:00:37,https://www.threads.com/@ajinobaba/post/DOTN1C6EtiD
,"2,400人に届いたんだけど、、、
私が20年かけて探し回った結果、最高のサバ缶を見つけたのでシェアしました！
バアバが買えなくなったら嫌だから、1万人以上に届いたらタイミング見て削除しようかな！って思ってます💦
国産で、とても脂乗ってて、食べ応えがある。
そんなサバ缶、これ以外見たことないよ☺️




























",1,35,"5,493",2025/08/26 16:12:00,https://www.threads.com/@ajinobaba/post/DNzzXa5Yv4D
,"何度も言うけど、ふるさと納税が10月から改悪なの本当に信じられない…😭

寄付額に対してもらえる量が減ったり、コスパ悪くなる可能性が高いんだ。

でも、今ならスーパーセールでお得にできる返礼品もあるから紹介するね👵✨

①鮭フレーク 無添加 無着色
これがいちばんの目玉👀
9月11日まで13,000→10,000円で寄附できるよ👵
原材料は紅鮭（ロシア産）、塩（シママース）
国産だったらなお嬉しかったけど、ロシア産なら良いかな✨
a.r10.to/hgfKW… pr

②国産 無添加 干し芋
じっくり蒸して、しっかり干す。
基本に忠実に、時間をかけて丁寧に仕上げるから甘味が引き出されて美味しい干し芋✨
a.r10.to/hYQNh… pr

③深川物産館　無添加ポテトチップス
完全無添加、国産じゃがいも、米油使用！
味も3種類あって飽きないから、たまに食べたくなったときに最高だね✨
でも、お家にあると食べちゃうんだよね🥹
a.r10.to/hXMjy… pr


































",3,9,"5,413",2025/9/10 20:00:06,https://www.threads.com/@ajinobaba/post/DOa1SW5j76z
,"私が買えなくなると嫌だから、こっそり教えます🤫

サバ缶といえば、あいこちゃんが有名だけどバアバは「ストンロルズ」っていうのが好き！

これは国産の鯖を宮城県石巻市の工場で加工したモノなんだ✨
これがなぜ良いのか・・・？

この投稿をちゃーんと読んだ、あなたにだけ教えるね👇



通常のサバ缶は、獲ったサバをすぐ加工する。
そして、石巻（三陸沖）には最高ブランド「金華サバ」があるけど、サイズ基準を満たさないと普通のマサバ扱い。

だからこのサバ缶は本当に脂が乗ってて美味しい✨
バアバも普段から愛用してて、家に常備してるよ☺️

ちなみに…金華サバ缶（1缶600円）も貼っとくから見てみ😎

通常のサバ缶
https://a.r10.to/hPJkFO

金華サバ缶
https://a.r10.to/hYqGYq











",1,27,"5,374",2025/08/25 18:34:00,https://www.threads.com/@ajinobaba/post/DNxexOv4opT
,"何度も言いますが、酵母が生きてる天然醸造味噌が最強です！

・天然醸造の味噌は「大豆、米（または麦）、食塩」だけ。
・上記以外の味噌は、生きた菌はほぼいない。
・発酵食品というより「味噌風調味料」

天然味噌の生きてる菌を取ることで、腸内環境た免疫力向上の効果を得られるんだよ🫶

70度以上の加熱でシぬが、死菌でも善玉菌のエサになる。

沸騰はやめた方が、生きた菌を体内に取り込めるね👵

スーパーで買える天然醸造の味噌は・・・
・円熟｜ひかり味噌
・昔ながらの天然醸造｜山印醸造



























",7,53,"5,371",2025/9/8 18:00:44,https://www.threads.com/@ajinobaba/post/DOVeCVxj5dj
,"え、待ってこわすぎる……

フッ素加工フライパンて温度が上がりすぎると、有毒ガスが出るんだよ。

その温度は研究によってバラバラだから、どれが正しいのかバアバには分からないけど、食べ物に気を遣っててもフライパンから毒が出てたら意味ないよね🥹

バアバはフッ素加工されたフライパンは使ってないよ。
あと、中国製の一応避けてる・・・

そんなバアバが使ってるフライパンは・・・👇


ミネラルが原料のコーティングをしていて、450度の耐熱温度

もちろん引っ付かないし、収納がコンパクトで文句なしだよ👵

https://a.r10.to/hNZzAx


























",5,38,"5,360",2025/08/28 21:59:00,https://www.threads.com/@ajinobaba/post/DN5krICE_qJ
,"え、待って嬉しすぎる……
昨日ヨーグルトメーカーの投稿をしたら、「買いました！」って連絡を貰ったよ✨
少しでも安いヨーグルトを探し求めるより、１回高いの買って約２.５倍まで増やすほうが安いよね！
作ったやつをまた増やして無限ループも出来るし！
バアバは衛生上、２回までにしてるけど☺️
プロフィールにあるから確認してね！










",0,10,"5,358",2025/08/27 18:30:00,https://www.threads.com/@ajinobaba/post/DN2n43y2JAh
,"実はね…まだ9割の人が知らない話、こっそり教えちゃう🤫

ヨドバシカメラって電化製品だけじゃないよ！！

ムソー、オーサワ、創健社、光食品みたいな
無添加で安心できる自然食品が、意外とそろってる👵✨

見つけた時、バアバちょっと感動しちゃったよ〜
ヨドバシ見かけたら、ぜひのぞいてみてね☺️





",10,232,"5,350",2025/9/30 18:01:11,https://www.threads.com/@ajinobaba/post/DPOHk-JDLHC
,"これは凄すぎる・・・
バアバ無添加ソーセージは何度も食べてるけど、産直の国産肉、オーガニック認証のお塩を使って作ってるのは初めて見たよ😳
これはフォロー必須だね✨
「買い物は投票だ」って言葉を思い出した。
こうやって頑張ってる企業さんを応援しないとだよね☺️
バアバも買ってみたいな🫶






































",6,50,"5,249",2025/08/24 14:41:00,https://www.threads.com/@ajinobaba/post/DNufRTNYpfs
,"悪いことは言わないから、、、
コーヒーフレッシュ使うのは今すぐやめて！

あれ、白くてミルクっぽいけど、牛乳じゃないよ！

その正体は
「植物油脂・乳化剤・pH調整剤・香料・着色料」

つまり、
油と添加物で、ミルク風に見せた白い液体だよ…

しかも牛乳ゼロだから「ミルク」って表示すらしてなくてコーヒー用クリーミングって書いてあるんだよ😱

だからバアバはコーヒー飲む時、無調整豆乳を入れるよ！
みんなはどうやって飲むんだい？👵✨

































",11,53,"5,245",2025/9/10 12:00:41,https://www.threads.com/@ajinobaba/post/DOZ-bDOEeAf
,"今から1番大事なこと言うね。

偏食で野菜を食べなくても、、、他の食材で代用すれば大丈夫！

大きくなったら普通に食べれるようになるよ！
バアバは自分の子供2人と孫2人見てるけど、みんなそうだった！

だけど、1つ注意しないといけないことがある👵

それは・・・ハンバーグとかに細かくして入れないこと。
騙された記憶は結構残るんだよね。

じゃあ、どうするか・・・？👇


食べない食材の代用を考える
・ピーマン（ビタミンC・βカロテン）→みかん、さつまいも
・にんじん（βカロテン）→カボチャ、みかん
・ほうれん草（鉄分・葉酸）→赤身肉、ブロッコリー


さらに最強の秘策は・・・👇

家庭菜園で育てさせる！
バアバはこれが一番効果を感じたよ

子供がトマト嫌いだったんだけど、「〇〇くんが育てたから美味しいね」っていうと食べる☺️
そのうち、スーパーでも〇〇くんが作ったやつとどっちが美味しいかな？って自分から買い物かごに入れるようになったよ！























",4,12,"5,194",2025/08/27 12:00:00,https://www.threads.com/@ajinobaba/post/DN17R-XUBj3
,"2日前の投稿見てくれたかい？☺️
まだ、見てない人へ
信じられないのですが、、、納豆は体に悪いです・・・
え？って思ったでしょ？！
バアバも初めて知った時は目玉飛び出そうだったよ👵
体に良いと言われる納豆なのに、実は落とし穴がいくつかある。
ちゃんと知って、安心で美味しい納豆を選びたいね☺️









",0,17,"5,154",2025/08/25 12:00:00,https://www.threads.com/@ajinobaba/post/DNwxsGV1MaC
,"怒られそうだけど、書きます‼️
惣菜パンのたまご系、ほぼ全てに人工保存料添加😇
そりゃそうだ…
いつの間にか当たり前になってたんだけどさ、
卵が常温で良いわけないよね？！🥺
これおかしくない？ってやつ他にある？











",5,148,"5,124",2025/09/06 12:00:00,https://www.threads.com/@ajinobaba/post/DOPrN8AkrCe
,"threads初めて1ヶ月立たずに、6,000人以上の方にフォローして貰えて嬉しいよ👵

個別相談も結構貰っていて、皆ちゃんと考えていて偉いなって思った✨

これからもオススメの商品とか、気をつけたい添加物とか情報共有していくよ！

個別に相談したい人はこちらから・・・👇
もちろん無料だから安心してね✨
















",1,20,"5,080",2025/9/11 7:00:39,https://www.threads.com/@ajinobaba/post/DOcA4Z7DhXT
,"【朗報】
嘘みたいな本当の話なんですけど、、、

実は、セブンイレブンのお弁当が一番体に優しいです！

バアバも昔はコンビニ弁当って体に悪くて、スーパーで買う方が良いと思ってた。

でも、セブンイレブンのフレッシュフードは保存料、合成着色料、人口甘味料は不使用！

かなり厳しい基準で作っていて、企業努力が素晴らしいと思ったよ👵✨

そんなセブンイレブンのフレッシュフードとは？・・・👇

これをスクショしておけば安心だよ👵

































",5,85,"5,065",2025/9/7 12:01:22,https://www.threads.com/@ajinobaba/post/DOSQHeJiJJX
,"バアバの独り言です・・・

少し前は加工食品に入ってる添加物を見て「あれもダメ、これもダメ」って思い込んでた。

でも、本当に良く無い添加物は意外と少ない。

そして、本当に美味しいものは大抵、自然の恵があることに気がついて食が楽しくなったんだよね✨

そんなバアバのおすすめ商品を紹介していくから、フォローしといておくれ👵



",0,33,"5,065",2025/9/18 12:00:48,https://www.threads.com/@ajinobaba/post/DOuky5wDSpK
,"【悲報】
塩はものを奪う・・・
天然の塩からは栄養が取れますが、精製塩にすると逆に体内から栄養を奪ってしまいます。
精製塩はしょっぱいだけだけど、天然塩は甘みがあって複雑な味わい。
一度使ったら癖になる。


いろんなお塩があるけど、バアバはコレ！
伊豆大島の海水100%を使った伝統製法でおにぎりによく合うんじゃ👵
a.r10.to/henNL…










































",0,22,"4,994",2025/08/18 17:00:00,https://www.threads.com/@ajinobaba/post/DNfSf9wIiwy
,"本当にごめんなさい・・・
バアバ大失態をしてしまいました😭

ちょっと前に紹介した金華サバのサバ缶
アレ、味噌煮でした・・・

もちろん添加物は入ってないんだけど、バアバは水煮缶をおすすめしたつもりでした・・・😭

今後は、ちゃんと確認します👵💦

改めて、金華サバの水煮缶を紹介させてください👇


金華サバを使った贅沢な水煮缶！
バアバ一押しのストンロルズと地元の高校が共同開発だって！！

日常使いはできないけど、たまにの贅沢では最高かもしれないね☺️
https://a.r10.to/h5IVZi



























",1,11,"4,942",2025/08/28 21:00:00,https://www.threads.com/@ajinobaba/post/DN5d4ylghgo
,"まだ9割の人が知らないチーズの見分け方を、こっそり教えます👵

チーズを買うときに見る場所は…

原材料の上に書かれてる「種類別」という項目！

ここに 「ナチュラルチーズ」 と書いてあればOK✨

基本的に「生乳＋塩」だけで作られてることが多くて安心なんだよ☺️

よくあるセルロースとか、色付けのアナトー色素は、そこまで気にしすぎなくても大丈夫！

ただし、ナチュラルチーズでも味付けされてるやつは要注意だよ👵

楽天スーパーセールでお得に買えるバアバのオススメは…

①LoHオリジナルミックスシュレッドチーズ 1kg
ゴーダチーズの香ばしさと、とろける糸引きがたまらないよ✨
2つ買えば送料無料だよ👵
送料分で実質1つ無料だよ✨
a.r10.to/hP7br… pr

②北海道クレイル カマンベール2個セット
国内製造のカマンベールチーズ
食べやすい「カレ」
濃厚な「ロワレ」
青カビと白カビの共演「おいこみブルー」
好きなの2つ選べるのは嬉しいね✨
送料無料だよ！
a.r10.to/hPV7E… pr

③ふるさと納税 飛騨生乳100％ モッツアレラ&リコッタ
当日に絞った生乳を100%使って、一気に作り上げるから凄くフレッシュ✨
職人さんが、ひとつひとつ丁寧に作ってるのも嬉しいね👵
a.r10.to/h5E7z… pr










",5,23,"4,942",2025/9/10 22:00:18,https://www.threads.com/@ajinobaba/post/DObDCx2k6Yb
,"え、待って怖すぎる…😱
スーパーで売ってる梅干しってほとんどが偽物って知ってた…？

健康的な食品として、すぐに思う浮かべる食品なのに添加物まみれ😭

特に減塩梅干しは食塩の代わりに添加物がたくさん入ってることが怖いから気をつけてね…

おすすめの梅干しは👇

①紀州梅香　無添加はちみつ梅
農薬を7割削減した南高梅にリンゴ酢、はちみつ、塩、砂糖で漬け込んだもの！
はちみつ梅で無添加のものは貴重だね✨
a.r10.to/hkyH8… pr 

②紫蘇と天然塩だけで漬けた梅干し
商品名の中に原材料が全て書かれてるね！
余計なものは一切なし。
天然塩と塩と梅だけでシンプルで最高に美味しいよ👵
a.r10.to/hgTDT… pr 

③【無添加】南高梅干し
梅と塩だけの白干し
2年熟成の天然天日塩を使ったこだわりっぷり☺️
本物の味で体が喜んでるのがわかるね✨
a.r10.to/hPv9c… pr 














",5,94,"4,941",2025/9/29 18:00:07,https://www.threads.com/@ajinobaba/post/DPLiqPmDu1Q
,"炎上覚悟で、暴露します‼️

子供が大好きなカレー🍛
バアバも子育て中はよくレトルトで子供カレーを買ってたけど…

酵母エキス、増粘剤、アミノ酸
色々入ってて、全然優しくない😭

バアバが孫に自信を持って食べさせられるカレーは・・・👇

①にしきや　こどもカレー
食材を厳選することは当たり前。
手に入らなければ作ってしまえ。と言う行動力に感服です🥹
実際にカレーリーフっていうカレーに欠かせない材料は蔵王の生産者産と作ったみたい！
本当に企業努力がすごいメーカーさんだよ😳
a.r10.to/h5FOF… pr 

②平田牧場　こどもカレー
7大アレルゲン不使用！
※くるみが入って8大アレルゲンになるけど、おそらく不使用🤔
くるみアレルギーの方は、メーカー問い合わせしてみてね！！
野菜は全て国産、油脂もなたね油、砂糖不使用！
文句のつけどころのない、最高の商品だね🥹
a.r10.to/hPU45… pr 

③光食品　オーガニックこどもカレー　８袋
バアバ一押し、安心と信頼の光食品！
一応言っておくけど、回し者じゃないよ😂
毎回思うんだけど、迷ったら光食品探せばいいなって思ってきた！
砂糖、小麦粉、油脂の使用なし！！
相変わらず完璧です🥹
a.r10.to/hRIDz… pr 










",5,27,"4,935",2025/9/25 21:00:12,https://www.threads.com/@ajinobaba/post/DPBkFtcAWfQ
,"一言だけ言わせてください。
オススメ紹介してたら、バアバの分が無くなっちゃた😢

この前こっそり紹介した金華サバの水煮缶を、買おうと思ったら売り切れになってたよ…

でもバアバは本当に良いものしか紹介しないから、良いものがみんなに知られて嬉しい🫶

これからも厳選して紹介するからね！

無くなりそうなやつは紹介する前に買っとかなきゃね👵✨






























",0,17,"4,930",2025/9/8 21:00:21,https://www.threads.com/@ajinobaba/post/DOVyl43ANY4
,"有益すぎるのでこっそり教えます。

健康を気にして食べてるサラダチキンが添加物まみれだったら意味ないよね🥹

発色剤とか入ってるし…
だけど、作るのは面倒くさい…

そんなバアバみたいな人に向けて、スーパーで買える無添加サラダチキンを紹介するよ👵✨

①ライフ　鶏肉と塩だけで作ったサラダチキン
鹿児島県産の鶏むね肉と塩だけで作られてるサラダチキンだよ🫶
若干、パサつく感じもあるけど、シンプルで美味しい☺️ 

②内野屋　国産鶏サラダチキン
これはあんまり見ないんだけど、東急ストアに売ってたよ！
モミモミすると美味しく食べられるって書いてあって、ライフのよりジューシーだった！
材料はこちらも国産鶏肉と塩だけ🫶 

③コストコ　ホワイトスモークサラダチキン
スモークの香りが最高のサラダチキン！
原材料は鶏胸肉、塩、砂糖だけ🫶
量が多いのがネックだね🥹 



















",3,35,"4,896",2025/9/22 18:00:15,https://www.threads.com/@ajinobaba/post/DO5hHCnAcwH
,"信じられないのですが、、

未だに「果汁100%ジュースを一瞬で判断する方法」にいいね貰ってる🥹

本当に嬉しいことだけど、それだけ悩みが深いってことだよね…

また固定投稿に置いてあるから、まだ見てない人は見てみてね☺️

また簡単に見分ける方法を見つけたらすぐにシェアするからね👵✨




",0,8,"4,876",2025/9/16 7:00:46,https://www.threads.com/@ajinobaba/post/DOo43scAfsJ
,"これ過去１炎上しそうで怖いんだけど、言います‼️
炎上したらこっそり消します🥺

バアバは4毒抜きに関しては一切気にしてません。

どんなものでも食べ過ぎ、食べなさすぎは良くない。
だから、バランス重視で極端に抜いたりしない👵

でも、添加物はゆる〜く避ける。

そんなバアバの、4毒との付き合い方は・・・👇

添加物はゆるく避ける。
小麦も出来るだけ国産がいいな✨（希望）
油は酸化してる可能性があるものは出来るだけ取らない。
乳製品は大好き🫶（特にチーズ）












",1,85,"4,835",2025/9/6 17:59:59,https://www.threads.com/@ajinobaba/post/DOQUXI2AdDG
,"嘘ついてました。
添加物なんて気にしなくて良いです。
「/ 」のあとが添加物と知って、買い物するときに全部の商品を確認していた頃。
平気で買い物時間が1時間超えてました。
気にしすぎると、目も頭も痛くなるからおすすめせんよ。
だからバアバは3つだけ避ける。
この投稿を見ながら買い物に行けば、もう迷わんよ☺️
避ける添加物は・・・👇 





①人工甘味料
アセスルファムK、スクラロース、アスパルテーム
②合成着色料
色と番号で記載されてるもの
赤◯号、黄◯号など「赤、黄、青、緑がある」
③合成保存料
ソルビン酸（K）・安息香酸（Na） 















",0,74,"4,794",2025/08/18 12:00:00,https://www.threads.com/@ajinobaba/post/DNewI7fN78K
,"悪いことは言わないから、子育て大変なママさんは全員冷凍食品ストックして‼️

子供のご飯に気を使いすぎて、自分のご飯が適当になってやしないかい？😭

バアバは若い頃、それもあって栄養失調で倒れたんだよ。

今からほぼ無添加の冷凍食品を教えるから、忙しいママは冷凍庫にストックしなされ。

それだけで、心の余裕になるよ🫶

おすすめの冷凍食品は・・・👇

①秋川牧園　夕食セット
安心安全の秋川牧園が出していいる冷凍食品のセット🫶
チキンナゲット、とり天、とり餃子、チキンカツ(和風醤油)、フライドチキン、サラダチキン
6種類も入ってるから色々なシチュエーションで使えるのが嬉しいね☺️
a.r10.to/h5M9D…　pr 

2025/09/24
②国産うなぎ 訳あり 焼きおにぎり
うなぎで無添加はありがたい！
タレにも添加物は入ってなくて、バアバも見つけてすぐ購入したよ！
忙しいママさん達！
自分へのご褒美でストックしてても良いと思うよ😁
a.r10.to/h5j1g… pr 

③グリーンスプーン 野菜スープ 6種 スープジャー 付き
レンジで5分温めるだけで、ヘルシーで野菜がゴロゴロ入ったスープが飲めるんだって！！
本当に良い時代になったな〜って感動しちゃったよ🫶
さらに、可愛いスープジャーまでついてるのが嬉しいね！
a.r10.to/h5jJe… pr









",3,53,"4,771",2025/9/24 18:00:46,https://www.threads.com/@ajinobaba/post/DO-qwnwjnKp
,"れつマムさんにDMで質問頂きました！

本当に良いものを紹介しようと努力されてて本当に素敵だね👵✨

育児や離乳食に悩んでる方はフォローすると解決するかも🫶








",1,9,"4,745",2025/9/10 22:32:38,https://www.threads.com/@ajinobaba/post/DObGvl3kWGW
,"先着順なので大きい声で言えませんが、、、

完全無添加の前田家のだしが、楽天スーパーセールで10%オフ✨

⚠️注意点は3つ！⚠️
セール期間は9月11日まで
先着3500注文まで
クーポン利用条件は、1,888円以上の購入

このお得な期間に買っちゃうのがオススメだよ👵✨

①前田家 完全無添加 中華だし
国産食材のみで、簡単に本格的な中華だしだよ‼️
原材料を見ても、全部私たちがすぐに分かるものだけだから安心だね👵
これにネギと卵を入れて中華スープを作ったら最高だと思うよ✨
a.r10.to/h54oC… pr

②前田家 完全無添加 鶏スープだし
原材料： 鶏肉(九州産)
以上‼️
こんな安心できるのは初めて見たよ😂
食塩無添加だから、もちろん離乳食にも安心して使える！
ちょっとしたプレゼントにも最適だよね👵
a.r10.to/hkGYr… pr

③前田家 完全無添加 至極の和だし
枕崎産の鰹節を使用し、煮干し、椎茸、ホタテ、昆布など
合計8種類の厳選された国産の原材料を使ってる和だし‼️
自然の旨み成分が爆発していて、添加物使う必要がないね👵✨
a.r10.to/hPRfP… pr


























",3,8,"4,731",2025/9/10 20:59:58,https://www.threads.com/@ajinobaba/post/DOa8I6nDLoV
,"また売り切れそうなので、秘密にして欲しいのです🥹

普段たくさん頑張ってるママさん達！
たまには料理もお休みしていいんだよ🥹

そんな時の救世主コンビニ！
実はほぼ無添加のおかずが結構あるんだよ✨

それは・・・👇

①ゆず胡椒香る国産鶏の炭火焼き（セブンイレブン）
国産の鶏肉と柚子胡椒、塩、砂糖と材料シンプル☺️
レンチンで食べれるようになるから嬉しいよね！ 

②ほっけorサバの塩焼き（ローソン）
無添加なのはもちろん、皮目も香ばしく焼いてくれてる！
レンチンで美味しい焼き魚が食べられるよ✨ 

③金の銀だらの西京焼 1切（セブンイレブン）
本みりん、米味噌を使った本格的で美味しい焼き物！
でも、西京焼きではないかも？
美味しいからよく食べるけど☺️




















",3,37,"4,708",2025/9/24 12:00:26,https://www.threads.com/@ajinobaba/post/DO-BhdpjvyI
,"私のフォロワーさんは知ってる人多いと思うけど、原材料はシンプルであればあるほど良いからね👵
見てて目が痛くなるのは、あまり良いものはないよ！





































",0,21,"4,623",2025/08/27 12:53:00,https://www.threads.com/@ajinobaba/post/DN2BVnbYjhd
,"この前に投稿した「高知県産おろし生姜」が、1.5万人に見ていただけて嬉しいよ👵

トップバリューのおろし生姜が売り切れが続出してるから、楽天市場で買える商品を紹介したよ✨

プロフィールでさかのぼって見てみてね☺️

実は今、無添加の商品を沢山まとめた記事を準備中だよ✨

バアバ頑張るから、もう少しだけ待ってておくれ！



",0,46,"4,502",2025/9/22 7:00:38,https://www.threads.com/@ajinobaba/post/DO4Vn7lEk9_
,"「こだわり過ぎて疲れたので無添加生活やめます。」
私も無添加生活始めた頃はそうでした・・・
でも、もったいない！
健康に気を使って選んでる時点で100点なんだよ☺️








",0,9,"4,485",2025/08/18 10:00:00,https://www.threads.com/@ajinobaba/post/DNeiV3pIb79
,"有益すぎてバズったら削除します！！

夏の風物詩の蚊取り線香。
実はここからが本領発揮だよ👵✨

あいつら（蚊）は25〜30℃前後で最も活発に活動する🥹
だから、これからの少し涼しくなる季節がメインシーズンだよ。

でも、蚊をやっつける成分が人間に無害なことはないと思うから、出来るだけ安心の蚊取り線香を紹介するよ☺️

①かえる印のナチュラルかとり線香
天然の蚊取線香にとてもこだわっているよ！
販売ページにもこだわりが書いてあって、公式HPにはかなり詳しく書いてあるよ✨
a.r10.to/hFuiu… pr 

②りんねしゃ菊花せんこう
この蚊取り線香は除虫菊を使用し、さらにアロマ効果のある北海道産のはっかを配合してるよ👵
自然派のお店で売ってたりしてるよ✨
a.r10.to/hYrRo… pr 

③天然除虫菊 金鳥の渦巻
自然派の材料で作られてる安心の蚊取り線香✨
天然のものはドラッグストアとかでは見ないのが残念だよね💦
a.r10.to/h5rz5… pr 















",5,26,"4,371",2025/9/22 20:00:20,https://www.threads.com/@ajinobaba/post/DO5u2muD9Ic
,"おはようございます☀️
この暑い時期は無添加紀州南高梅が最高だね！
自然な色の梅干しは、本当に体が喜ぶんじゃ☺️
こうやってゆる〜く無添加生活してるのが良いね👍
バアバのおすすめ↓ 

梅と塩以外使ってない自然な色の紀州南高梅
1950円を2個購入で美味しい梅酢も付いてくる！
暑い夏にソーダ割りが最高じゃな
pr
a.r10.to/h54Sd… 














",0,5,"4,369",2025/08/18 6:00:00,https://www.threads.com/@ajinobaba/post/DNeG7P1K5ah
,"みなさん！！
ありがとうございます！！
公式LINEから、どんどん質問や相談いただいてます👵
みんな食に対して真剣に悩んでるから、出てくる悩みが多くてバアバ感激だよ✨
秘密は絶対守るから安心してね☺️









",0,11,"4,272",2025/08/24 20:33:00,https://www.threads.com/@ajinobaba/post/DNvHkTj4nR_
,"ねぇねぇ妊婦中のママさんたち！！！
バアバ炎上覚悟で語るから、、、この投稿今すぐに旦那さんにも共有して‼️

妊婦中に無性に食べたくなる人が多い柑橘類だけど、防カビ剤に注意しないと奇形のリスクが高まってしまうかも知れないよ😭

グレープフルーツやオレンジ、レモン、ライムなどは買う時に防カビ剤が使われた居ないものを選んでね。

でも防カビ剤はTBZとか難しいから覚えるの大変・・・
じゃあ、どうしたらいいの・・・😭👇

必ず商品棚の値札か袋に防カビ剤使用って書いてある。
それだけ避ければ良いよ！ 

ビオセボンのような、無添加オーガニックスーパーにはあったりするよ☺️
あとは、量は多いけど楽天市場でも買える！
母子共に健康で出産できるよう、食をケチってはダメだよ👵
























",2,23,"4,233",2025/9/22 22:00:18,https://www.threads.com/@ajinobaba/post/DO58lTwCT7w
,"ちょっと待って…！！

昨日もたくさんの人にフォローして頂けて、バアバとっても嬉しいよ👵✨

これからも、みんなの無添加生活をサポート出来るように頑張るよ！

いま色々と準備してて、もうすぐ発表出来そうだから待ってておくれ🫶






















",0,7,"4,141",2025/9/14 12:00:02,https://www.threads.com/@ajinobaba/post/DOkRhvsDUag
,"100回以上言ってるけど、ふるさと納税は10月から改悪だよ？！

もう1週間切ったから、最後に言うね。
これ以降はもう言わないよ‼️

9月までは納税額に対してポイントも貰えちゃう。
10月からは貰えなくなるよ！

バアバのおすすめのふるさと納税は👇

①光食品 調味料セットA
バアバが大信頼してる光食品さん🫶
念の為、添加物チェックしたけど、何にも入ってない😆
ケチャップ、お好みソース、焼肉のタレ、胡麻ドレ、中濃ソース
そして、、、
【甘口カレーが熟辛なカレーになっちゃうソース】
これは初めてみたけど、面白そうだね☺️
a.r10.to/hknxt… pr 

②味噌詰合せ4種
無添加で基本的に国産の原材料を使ったお味噌を試せるセット！
定期便で３回に分けて発送してもらうことも可能だよ🫶
量は多いから、毎日お味噌飲むようなご家族におすすめかな！
a.r10.to/h51rL… pr 

③【国内産】メバチマグロで作ったツナ缶詰(水煮)
いくらあっても困らないツナ缶。
もちろん無添加で、メバチマグロは国産🫶
非常食としても優秀だよ✨
a.r10.to/hk74P… pr











",3,14,"4,135",2025/9/24 21:00:07,https://www.threads.com/@ajinobaba/post/DO-_SPXgTqY
,"めちゃくちゃ怒られそうだけど、書きます！

クエン酸が体に良いって、実は昔から言われてたんだよ👵✨

その昔、製薬会社の人はこう言ってたらしい・・・
「もしクエン酸が広く知られたら、医者や製薬会社は商売にならない」

そんなクエン酸は、身近なお酢から簡単に摂れるよ☺️
疲れやすい人や、なんとなくだるい人に特におすすめ✨

でも、本物のお酢を選ばなきゃダメだよ？！
本物のお酢のオススメは・・・👇
ダジャレみたいになった…🥹

①アップルビネガー(りんご酢)300ml
なんと静置醸造で作られてる超本格派のアップルビネガー！
バアバは６倍に希釈して炭酸で割って飲んでるけど、飲みやすい！
とってもオススメだよ🫶
a.r10.to/hkG5I… pr 

②23S-10酢飲３本セットA
ゆず、いちご、生姜の3本セット！
３倍希釈で飲むお酢✨
毎日味を変えれるから飽きることはない！
コラーゲンも入ってるから、お肌にも良いのが嬉しい🫶
a.r10.to/h5AdU… pr 

③酢らり 大瓶2本セット（あか紫蘇）
牛乳割り、炭酸割り、ヨーグルトやアイスにかけて
色々な食べ方があって本当に飽きない🫶
ふるさと納税で迷ってるなら、オススメだよ👵✨
a.r10.to/hku3w… pr 







",3,67,"3,996",2025/10/1 21:00:10,https://www.threads.com/@ajinobaba/post/DPRA2wYjLo7
,"「こだわり過ぎて疲れたので無添加生活やめます。」
バアバもこだわりすぎて挫折したことあるよ…👵

でも、それはもったいない！！
健康に気を使って選んでる時点で100点なんだよ☺️

添加物＝全部ダメじゃない。
大事なのは、分かった上で自分で選ぶこと。

バアバと一緒にゆる〜く続けていこう☺️





",0,19,"3,852",2025/9/10 14:00:42,https://www.threads.com/@ajinobaba/post/DOaMKBsin01
,"ねぇねぇ、みんな！！
昨日の無料モニター申し込んでくれたかい？☺️

今日の12時に締め切っちゃうけど、まだ間に合うよ👵✨

先着順じゃないから、ぜひ応募してね🫶

昨日から30名以上、お申し込み頂いてる！！
どしどし待ってるよ✨



























",1,20,"3,796",2025/9/27 8:16:25,https://www.threads.com/@ajinobaba/post/DPFWRTnE0I3
,"15時間前に投稿した「ちゃんと選ばないと逆に体に悪い食べ物4選」が約3万人の人に見ていただけて嬉しいよ👵✨

スーパーで何気なく買ってる体に良さそうな商品も、実は体に悪いってことがあるんだよね…

子育て中のママには絶対に届いてほしいな！！




",0,20,"3,774",2025/10/3 12:00:45,https://www.threads.com/@ajinobaba/post/DPVMtptEcIu
,"炎上したらすぐに消します🔥

昔はおせち作るのが当たり前って感じだったよね…
バアバのとこだけかな？

でも、今はいろんなメーカーが美味しそうなおせちを出してくれてる。

今は色々な選択肢があって良い時代だなって本当に思うよ☺️

みんなのおせち料理はどんな感じだい？

理由や背景も👇で教えてほしいな👵✨

A：全部買う
B：ちょっと作る&買う
C：食べない




",6,6,"3,768",2025/9/10 18:00:32,https://www.threads.com/@ajinobaba/post/DOanmsykwpW
,"大きい声で言えませんが、、、
バアバもマック大好きだよ🫶
60過ぎてもダブルチーズバーガーで幸せ感じるわけよ☺️
完全無添加なら我慢しなきゃいけないが、ゆる無添加ならこういう幸せも手に入る。
何事もバランスが大事なんじゃよ・・・
あなたの好きなファストフード店あったら、バアバに教えとくれ👵









",0,9,"3,747",2025/08/17 22:00:00,https://www.threads.com/@ajinobaba/post/DNdP_sEs1-_
,"【悲報】
惣菜パンのたまご系、ほぼ全てに人工保存料添加😇
そりゃそうだ・・・
卵が常温で良いわけないよね・・・







",0,5,"3,726",2025/08/17 10:00:00,https://www.threads.com/@ajinobaba/post/DNb9iESv8s6
,"【ご報告】

ありがたいことに500人くらいの方にフォローしていただいてバアバ嬉しいよ👵✨

これからも皆のお役に立てるように頑張るよ！

いいねやコメント貰えると本当に嬉しいから、ぜひお願いします🫶















",0,12,"3,671",2025/9/18 15:12:50,https://www.threads.com/@ajinobaba/post/DOu6xdAkUDQ
,"怒られそうだけど、書きます。

「人工甘味料アスパルテームがアミノスイートって名前に変わって、天然甘味料になるらしい…」

っていうニュースを見て、不安になったママが多かったみたいでバアバの所にいくつか相談が来てたよ。

でも安心してね☺️
実はこれ、もう10年以上も前のニュースなの。

しかも「アミノスイート」ってのは商品名であって、添加物としての正式な名前じゃない。

だから、原材料表示には必ず 「アスパルテーム」 って書かれるルールになってるんだよ🫶

だから、「気づかないうちに天然甘味料って書かれてごまかされる…」なんてことはないから大丈夫👵✨





















",1,105,"3,565",2025/9/24 20:00:55,https://www.threads.com/@ajinobaba/post/DO-4grdkSTA
,"こっそり教えるね🤫

スーパーで迷ったら「光食品」を選べば間違いなし☺️
バアバが大好きなメーカーさん🫶

調味料からジュースまでほぼ無添加！
むしろ添加物入りを探す方が難しいくらい😳（炭酸は除くよ）

さらに、、、

固定ポストのno+eには「スーパーで買える安心メーカー10選」特典つき！
ぜひチェックしてね✨ 













",1,61,"3,540",2025/10/1 20:00:39,https://www.threads.com/@ajinobaba/post/DPQ6Cx4ALSl
,"まだ9割の人が知らないんだけど・・・
仕事や育児で疲れてお弁当やお惣菜を買う時はセブンイレブン一択です。
コンビニ弁当って体に悪いイメージがありますが、特にセブンイレブンは良い。
その理由は・・・👇 

セブンイレブン独自の食品添加物規制にある。
人工物で危険とされてるようなものは、規制してる。
人工甘味料・合成保存料・合成着色料が不使用
コンビニってだけて体に悪いイメージあったけど、ちゃんとしとるよ☺️
















",0,14,"3,528",2025/08/17 17:00:00,https://www.threads.com/@ajinobaba/post/DNctpO2JdVW
,"嘘みたいな本当の話なんですけど…
「贅沢しながら節約できる」美味しい裏ワザがあります☺️

この前の【コーヒーにも添加物が入ってる】投稿、2万人以上に見てもらえました✨

そこで紹介した無添加コーヒーもおすすめなんだけど…

実はバアバ、毎日ちょっとリッチなコーヒーを飲みながら節約もしてるんです😂

詳しくは…👇

バアバが使ってるのは、デロンギのコーヒーマシーン☕
豆はOKスーパーで400g800円のもの。
1日2杯くらい本格的なエスプレッソで作るソイラテを楽しんでるけど、これが1杯20円程度で飲めちゃうんです✨
コンビニなら1杯150円くらい？
差額は130円。
1年ちょっとでマシーン代（約8万円）も回収できて、
そこからはずっとお得になるんだよ😁
今年買ったけど、間違いなくバアバのベストバイ！
「もっと早く買えばよかった🥹」って思ってるよ✨
a.r10.to/hYF3l… pr 

今年の1月に買ったんだけど、どんどん値段上がってるね

















",2,11,"3,524",2025/9/25 18:00:36,https://www.threads.com/@ajinobaba/post/DPBPiUgAaut
,"【悲報】
サラダ＝健康って思ってたら危険だよ‼️

野菜を食べるのはとっても良いことなんだけど、 
かけるドレッシングには、本当に気をつけてほしい👵💦

特に油が多いと塩味を感じにくいから、塩分過多になる可能性がある🥹

せっかく健康に気を遣って野菜を食べても、高血圧になったら本当に悲しいよ・・・

たくさんの添加物が入ってるのも嫌だね・・・

バアバがスーパーセールでお得に買ってる、自然派ドレッシングを紹介するね👇

食べる玉ねぎドレッシング
・淡路島産玉ねぎ100％使用で自然な甘み
・完全無添加
淡路島の玉ねぎドレッシング、本当に美味しいよ✨
玉ねぎドレッシングといえばコレ！って感じ😋
サラダにもチキンソテーにも合うから万能だよ
a.r10.to/hkLWT…　pr

無添加にんじんどれっしんぐセット「まるまる・ぐるぐる」
製造元の岩手県の人参を使ったドレッシングで、優しい味わいの自然派ドレッシング🫶
「まるまる」はさっぱりで、人参嫌いな子供でも食べれるとか…？！
「ぐるぐる」は濃厚で、野菜ディップや白身魚のフライなどに合わせても美味しい！
名前が可愛くて子供に聞くと、自分で選べるから喜んで食べるよ👵
a.r10.to/hP0lQ… pr

糀味ドレッシング
トマト、レモン、にんじん、ゆずの中から3本選べるのが嬉しい！
糀と野菜のドレッシングで油も少なめだから、体にも優しいしカロリーも一般的なドレッシングの半分くらい😳
原材料も安心だし、ダイエットにはもってこいだね👵
a.r10.to/hkb23… pr






















",3,17,"3,464",2025/9/6 20:59:57,https://www.threads.com/@ajinobaba/post/DOQo9ScgIRd
,"嘘つきになっちゃうけど書きます😭

もうふるさと納税については話さないって前の投稿で言ったけど、、、

「アジノババさんの投稿がなければ損するところでした」ってメッセージいただいて、まだ必要な人に届いてないんだな！って思ったよ🥹

あと5日切ったところだから、9月ラストスパート口酸っぱくお伝えしていくね✨

これまでの投稿をまとめておくよ👇

part1 

part2 

part3 

part4 





















",4,10,"3,446",2025/9/26 11:59:57,https://www.threads.com/@ajinobaba/post/DPDLDp5gLWy
,"またまた500人くらいの方にフォローして頂けて、バアバとっても嬉しいよ👵✨

これからも、みんなの無添加生活をサポート出来るように頑張るからね！！

いま色々と準備してて、もうすぐ発表出来そうだから待ってておくれ👵✨



























",0,24,"3,417",2025/9/21 18:00:34,https://www.threads.com/@ajinobaba/post/DO28WgmivqI
,"断言します。
親が子どもに残せるものは、健康的な体です。
お金や学歴も確かにそうなんですが。
健康的な食生活を癖にできた子は強い。体が丈夫っていうのはそれだけで素晴らしい。
でも、今は安く簡単に栄養のないカロリーを摂れてしまう・・・








",0,8,"3,295",2025/08/17 12:00:00,https://www.threads.com/@ajinobaba/post/DNcLRz1vgUj
,"炎上したらすぐ消します。
けど、覚悟を持って断言します🥹

公式ラインでも相談貰ってたのですが、顆粒出汁で無添加は存在しません。

添加物もそうですが、塩が一番多く入ってたりして、塩分過多の原因にもなります・・・
でも、味噌汁を作るときには、お出汁を使いたいのはバアバも同じ👵

じゃあ、どうするかというと・・・👇

カツオ、煮干し、椎茸、昆布が入って旨みが強化されるよ☺️
これ一回食べたら、市販の顆粒出汁には戻れないと思うね👵
https://a.r10.to/h5I40A

































",8,25,"3,293",2025/08/30 11:23:00,https://www.threads.com/@ajinobaba/post/DN9lbAtCDd9
,"売り切れたら嫌なので、バズったら削除するかもですが、、、

この前、青森のお土産でもらった「農家が干したりんご」というドライフルーツが最高に美味しかった🥹

くし形に切ったりんごを、低音でじっくり感想してるんだって！

硬そうに見えるんだけど、むっちししてて口の中で崩れていく…😋

ふじ、むつ、紅玉、王林って感じでたくさん種類があるみたいだよ👵
a.r10.to/hkW36…


























",3,35,"3,285",2025/9/29 21:00:53,https://www.threads.com/@ajinobaba/post/DPL3WOHigfx
,"ねえねえママさん達！！
これは知らなきゃ損だよ👵

お米由来のプラスチックで出来た歯固めがあるんだよ✨

赤ちゃんの口に入るものだから、お米からできてると安心だよね🫶

新ママへのプレゼントでも喜ばれること間違いなしだね！

https://a.r10.to/h5HXNn pr




















",4,10,"3,246",2025/9/9 20:00:53,https://www.threads.com/@ajinobaba/post/DOYQlOLjVkL
,"甲子園、暑いのによく頑張ってるね〜
どっちも頑張れ！！






",0,2,"3,220",2025/08/17 10:00:00,https://www.threads.com/@ajinobaba/post/DNb9lM7TMJ9
,"「これ、あげてて本当に大丈夫…？」って思うおやつあるよね🥺

市販のお菓子って、意外と添加物多め💦
でも我慢させすぎるのもかわいそうで…

バアバのところにもよく相談くるから、
きっとみんな同じことで悩んでるんだと思う👵🫶

そんなバアバのおすすめおやつはこれ👇

①【オリーブ おからクッキー】
おから×オリーブで作られた、バター＆白砂糖不使用の安心クッキー🍪
きび糖のやさしい甘さと、ほろほろ食感がクセになる！
妊婦さんにも◎
a.r10.to/h5s6D… pr 

②【選べる3袋 ドライフルーツ】
旬の果物をそのままフリーズドライに！🍓🍌🍑
いちご・白桃・バナナなどから選べるよ☺️
※白桃だけ砂糖入りなので、気になる人は別のを選んでね！
a.r10.to/hNQRE… pr 

③【食べる ハトムギ スナックタイプ】
国内産ハトムギ100%🌾 サクサクでそのままもOK
牛乳かけてシリアルにも◎
ショコラ味は添加物ありなので注意⚠️
a.r10.to/hk5vU… pr
保存して、次のおやつ選びの参考にしてね☺️🫶











",3,14,"3,219",2025/10/3 21:00:18,https://www.threads.com/@ajinobaba/post/DPWKddSjeAP
,"あなたの家は大丈夫⁉️
バアバ離乳食ヨーグルトの原材料見て、正直ゾッとしたよ…👵

「ダノンベビー」って、赤ちゃん用なのに

生乳(国産)、乳製品、乳たんぱく、でんぷん、乳糖
／増粘多糖類、ピロリン酸第二鉄、酸味料、ビタミンD

全部で原材料が9つもある。
添加物＝全て悪とは言わないけど…

ヨーグルトって、本来は生乳だけで作れるって知ってる？

バアバなら生乳100%のヨーグルトを少しだけあげるよ✨

・小岩井 生乳100%ヨーグルト
・トップバリュ 生乳100%プレーンヨーグルト

スーパーで買える生乳100%ヨーグルトは・・・




















",1,20,"3,164",2025/10/3 18:00:33,https://www.threads.com/@ajinobaba/post/DPV143bjxPp
,"怒られたら消しますが...
スーパーの醤油の7割は偽物です！！

偽物の醤油には大豆の代わりに「脱脂加工大豆」というものを使っている。

脱脂加工大豆とは大豆から油を絞った後のもの。
これらを添加物と調味料で調整して醤油っぽくしてる💦

味見して比べて見ると、偽物はただしょっぱいだけ…
お醤油って、沢山使うものじゃないから質の高いものがオススメだよ☺️

バアバのおすすめは・・・👇
加熱するかどうかで使う醤油を決める

①井上醤油 【非加熱用】
バアバが本当に大好きなお醤油！
納豆やお刺身、豆腐など、なんでもこれをかけて食べちゃう😋
a.r10.to/h5doP… pr 

②海の精　旨しぼり醤油　【非加熱用】
天然醸造で1年じっくり発酵・熟成してるお醤油
ちょっと甘く、旨みやコクがあって美味しいよ✨
a.r10.to/TK1D1… pr 

③キッコーマン 特選丸大豆しょうゆ　【加熱用】
大豆がアメリカ産なのが少し残念だけど、「分別生産流通管理済み」なので煮物にはこちらを。
リーズナブルでとっても助かってるよ！
a.r10.to/hPMKH… pr 










",3,32,"3,157",2025/10/2 22:00:43,https://www.threads.com/@ajinobaba/post/DPTslD5gFkD
,"昨日の「添加物気にしない派VS添加物気にする派」の投稿にたくさんコメントくれてありがとうね✨
みなさん色々な背景がありながらも、多くの方がゆる無添加だってことを知れてバアバ嬉しいよ👵
これからも、みなさんのゆる無添加生活のお役に立てるようにバアバ頑張るからね☺️










",0,32,"3,122",2025/09/06 15:00:00,https://www.threads.com/@ajinobaba/post/DOP_y7uARIG
,"バアバからのお願いです・・・🥹
昨日の投稿が少し難しすぎたってお声を頂いて、ちょっと反省でした💦
そこで！！
バアバに教えてほしいことがあれば、下にどんどん書いてほしいです☺️








",0,8,"3,117",2025/08/31 18:00:00,https://www.threads.com/@ajinobaba/post/DOA3oTWgjQ0
,"炎上覚悟です・・・
おはようございます！
朝はパン派のアジノババです。
私は「Pascoの超熟 国産小麦」以外認めません。
北海道の国産小麦100%使用で添加物なし！
本物の味！！って感じで大好き🫶
完全無添加主義ではないけど、食パンは美味しいの食べたいからこだわり強め！
おすすめの食パンあったら教えてください☺️












",1,15,"3,076",2025/08/17 6:00:00,https://www.threads.com/@ajinobaba/post/DNbiGulq_BW
,"炎上したらすぐに消します。part6

育児してるママでこの４つをよく使う人は、悪いこと言わないから最後まで見て😭

①うどん
②サバ缶
③豆腐

ちゃんと選ばないと、逆に体に悪いかも😳
ちゃんと選ぶためには・・・

① うどん
・加工でんぷんが入ってるものは選ばない❌
・酸味料などの不要な添加物は取らない❌

美味しいし・手軽に食べられて、大活躍のうどん！

遺伝子組み換えが不安なので国産小麦のみで選ぶのがおすすめだよ🫶

スーパーで買えるおすすめはうどんは・・・👇
・トップバリュ　国産小麦うどん
・テーブルマーク　国産小麦さぬきうどん

② 豆腐
・国産大豆100%のものを選ぶ⭕️
・「凝固剤」としか書かれてないものは選ばない❌
・消泡剤が使われてるものは選ばない❌

粗製海水塩化マグネシウムや天然にがりと書かれてるものは安心して食べられる。
凝固剤としか書かれていないものは、油なども入れて作る乳化にがりの可能性もある。

手軽に手に入る天然にがりの豆腐は・・・
・グリーンアイ　オーガニック木綿豆腐
・ローソン　きぬ豆腐

③　サバ缶
・食塩無添加の水煮だけを選ぶ⭕️
・加工デンプンが入ってないサバ缶を選ぶ⭕️

味付けはサバ缶は色々なものが入ってるから、水煮で国産のサバと塩だけのものが100点だよ✨

スーパーで買える安心のサバ缶は・・・
・HOKO 鯖の水煮缶
・SSK 鯖の水煮缶

バアバが一番おすすめなのは、ストンロルズのサバ缶だよ👵



",5,33,"2,986",2025/09/03 22:00:00,https://www.threads.com/@ajinobaba/post/DOJBfFYgRV9
,"【悲報】
バアバ本当に悲しい・・・
今日フォロワーさんから教えてもらったんだけど、グリーンダカラに果糖ブドウ糖液糖が入るようになったらしい・・・
絶対に取りたくないものではないんだけど、前は入ってなかったのに・・・🥹って気持ちになっちゃうね。
みんなは最近、ずっと買ってた食品で悲しくなった改悪とかあるかい？👵
慰め合おう🥹












",4,70,"2,948",2025/08/29 18:30:00,https://www.threads.com/@ajinobaba/post/DN7xe4FD38M
,"ごめん、ヨーグルト作ってる会社に怒られそうだけど、書きます。
炎上したら削除するから、早めにみてね😭

この前、生乳100%ヨーグルトを紹介したら、3.3万人に届いたんだ。
でも、「ちょっと高くて毎日は食べられないです。」っていうお声も頂いたんだよ👵

確かにそうだよねって思ったけど、みんな意外と「アレ」使ってないんだって思ったよ！
アレを使えば、美味しいヨーグルトも値段を気にせずたくさん食べれる☺️

アレとは・・・👇


ヨーグルトメーカー

市販のヨーグルト100gで牛乳1L分出来ちゃう！
カスピ海ヨーグルトも作れちゃうから、相当安く生乳100%のヨーグルトが食べられるよ👵

バアバはコスパ最強のコレ！
https://a.r10.to/hRMJ6b





















",0,25,"2,933",2025/08/26 18:00:00,https://www.threads.com/@ajinobaba/post/DNz_qPPRIcP
,"ちょっと聞きたいんですけど…
皆は食選びに、どこまでこだわってますか？
A：完全無添加？
B：ゆる無添加？
C：オーガニック・有機野菜？
D：農薬は気にならない
これ以外でも、こだわりあったらコメントで教えてください☺️









",16,9,"2,890",2025/08/25 20:00:00,https://www.threads.com/@ajinobaba/post/DNxom8OYjN1
,"ねぇねぇママさんたち！！！！
子育てで自分の好きなご飯食べられてないんじゃない？
バアバはスパイスカレーが大好きだったけど、子育て中は我慢してた・・・
甘口のカレーに後からスパイスを足しても、馴染まなくてあまり美味しいとは思わなかったんだよね。
でも、ここのレトルト食品は豊富な種類から好きなものを1つずつ選べるんだって！！
子供用と分けて作るのは大変・・・だけど、スパイシーなものが食べたい。って人にぴったりだよ👵
もちろん、添加物も必要最小限で安心☺️🫶
a.r10.to/h5Twr…




























",0,7,"2,826",2025/08/26 20:00:00,https://www.threads.com/@ajinobaba/post/DN0NajY2iv8
,"一言だけ言わせてください。
完全無添加は…正直ムリです🥹

真面目なママほど「子どもに良いものを」と思って悩むけど、
無添加だけにすると選択肢は少ないし、食費も高くなる💦

相談を受けてて、そんなママが本当に多いなって感じます。

バアバが絶対に避ける添加物3つを紹介👵
覚えなくていいので、スクショして買い物の時に見てみて👇


①人工甘味料
アセスルファムK、スクラロース、アスパルテーム

②合成着色料
色と番号で記載されてるもの
赤◯号、黄◯号など「赤、黄、青、緑がある」

③合成保存料
ソルビン酸（K）・安息香酸（Na） 










",3,40,"2,825",2025/09/02 12:00:00,https://www.threads.com/@ajinobaba/post/DOFYCRLEUBv
,"いつもの発信と矛盾するけど、一言だけ言わせてください。

添加物避けようと頑張り過ぎないでね👵

この前の投稿で、みんなの添加物の付き合い方を知ってちょっと心配になったんだよね💦

「ゆる無添加」と言いつつも、頑張り過ぎてるな〜って思ったんだ🥺

「何を選ぶか」を自分で決められたら、それでいいんだよ！
だから、たまにマックを食べたっていい。

添加物について知ってて選んでるなら、その選択も良い！
危険なのは知らずに選び続けることだからね😱

だから、バアバのフォロワーさんは素晴らしいなって思ったんだよね！

ちょっと頑張り過ぎてたなって人は、いいねで教えてね☺️




",0,31,"2,775",2025/9/7 17:00:46,https://www.threads.com/@ajinobaba/post/DOSyYV9CmG-
,"ごめん‼️
本当にしつこいけど、知らない人は損するから何度も言うよ👵

ふるさと納税が10月から改悪されるよ！！

購入額に対してポイントがつかなくなっちゃう…
3,000〜5000ポイントくらい損しちゃうからね？！😳

今年分まだやってない人は、9月中にやるのをおすすめだよ！

無添加のおすすめふるさと納税も過去に紹介してるから見てみてね✨





",0,6,"2,743",2025/9/21 22:00:12,https://www.threads.com/@ajinobaba/post/DO3Xxpkknza
,"こっそり教えますが、QOLを上げる食事の第一歩は調味料を変えることです。調味料で何が変わるの？半信半疑だったけど、やってみたら納得。
❶味噌汁が最高に美味しくなった
❷精製塩では感じない深い味わいがある
❸丸大豆の醤油のおいしさは段違い
たったこれだけで、自炊が楽しくなります。
バアバおすすめの基本調味料は・・・👇 

砂糖：素焚糖
塩：海の精
酢：富士酢プレミアム
醤油：井上古式醤油
味噌：名刀麹味噌 















",0,24,"2,738",2025/08/16 22:00:00,https://www.threads.com/@ajinobaba/post/DNarPU2o98B
,"ねぇねぇママさんたち！！
子どもが大好きなカレーを作る時、カレールーってどこで買ってる？🥹

実はスーパーのカレールーって…
小麦粉と油たっぷりで、毎回使うのちょっと気になる人いない？💦

じゃあ「子どもの体に優しいカレールー」ってあるの？ …👇


「ベジテ（Vegete）」甘口

小麦粉も、よく分からない油も一切なし‼️

国産の「米粉」と「米油」だけで作ったカレールーだから安心。
子どもが嫌がるピリ辛スパイスは使ってないけど、香りのいいスパイスはちゃんと入ってて、大人が食べても満足できる☺️

もしお子さんが「ちょっと苦手かも？」ってなっても、市販のルーと半分ずつ混ぜるだけでOK。
小麦と油のかたまりをガクッと減らせるから安心だよ。

バアバはこれ以上のカレールーに出会ったことがないよ👵
だから、今回は1つだけしか紹介できないよ！

スーパーでは見たことないから、ここに置いておくよ👵✨
https://a.r10.to/hks9Tn

















",1,12,"2,708",2025/09/02 20:00:00,https://www.threads.com/@ajinobaba/post/DOGO9gyE9sR
,"炎上覚悟ですが...
添加物ってどれだけ使われてると思う？😣

日本で使用OKな添加物は、なんと 約1,500種類以上。
世界でもトップクラスの多さなんです💦

でもね、全部避けなくても大丈夫☺️
できる範囲で「減らす」ことが大事✨

そして…これはバアバの独り言なんだけど、、、

大切なのは「自分が心地よいかどうか」。
周りの声より、自分と家族が安心できるかで選べばいいんだよ☺️














",1,34,"2,674",2025/10/1 18:00:35,https://www.threads.com/@ajinobaba/post/DPQsTYrj5qz
,"【朗報】
絶対に99%の人が知らないことを教えます‼️

バアバも知らなかったんだけど、ついに完全無添加だしの良いメーカーさんを見つけました😳
添加物はもちろん、塩も入ってない‼️

でも、販売期間が9月11日までって書いてあるから、欲しい人は急いでね💨

バアバもすぐにポチったよ！👵

そんな完璧な粉末ダシを作ってくれてる神メーカーさんは・・・👇


①前田家 完全無添加 中華だし

国産食材のみで、簡単に本格的な中華だしだよ‼️
原材料を見ても、全部私たちがすぐに分かるものだけだから安心だね👵

これにネギと卵を入れて中華スープを作ったら最高だと思うよ✨

https://a.r10.to/h54oC7


②前田家 完全無添加 鶏スープだし

原材料：        鶏肉(九州産)
以上‼️

こんな安心できるのは初めて見たよ😂
食塩無添加だから、もちろん離乳食にも安心して使える！

ちょっとしたプレゼントにも最適だよね👵

https://a.r10.to/hkGYrl


③前田家 完全無添加 至極の和だし
枕崎産の鰹節を使用し、煮干し、椎茸、ホタテ、昆布など
合計8種類の厳選された国産の原材料を使ってる和だし‼️

自然の旨み成分が爆発していて、添加物使う必要がないね👵✨
https://a.r10.to/hPRfPB",3,15,"2,655",2025/09/02 15:00:00,https://www.threads.com/@ajinobaba/post/DOFssBYE_0v
,"昨日の投稿、見てくれたかい？✨
9月11日まで販売してる、添加物も塩も無添加の粉末だしが見つかったんだよ！
残り1週間ちょっとで買えなくなっちゃうかもだから、今のうちに固定ポスト見ておいてね👵








",0,5,"2,613",2025/09/03 12:13:00,https://www.threads.com/@ajinobaba/post/DOH-TeiEQcC
,"ねぇねぇ妊婦中のママさんたち！！！
この投稿今すぐに旦那さんにも共有して‼️

妊婦さんがカフェインを摂りすぎると良くないのは知ってると思うんだけど、、、
え？これにも？って商品が結構多いから共有するね🥹

その商品は・・・👇

①
風邪薬・頭痛薬 
医薬品に「無水カフェイン」が配合されていることがある。

これが一番大事だよね！！
ママさんたちは知ってても旦那産は知らずに、薬をお願いしたら無水カフェインが入ってるなんてことも・・・

この投稿を見せれば解決だよ👵

②
 抹茶スイーツ 
アイス、ケーキ、チョコなど。
抹茶パウダー自体にカフェインが多く含まれている。

お茶系のスイーツは避けた方が無難かもしれないね👵

③
ココア・チョコレート 
カカオ豆自体にカフェインが含まれている。
特にダークチョコは多め。

高カカオチョコは避けなきゃいけないね・・・
どうしても食べたかったら、少量のミルクチョコやキャロビから作られたノンカフェインチョコをおすすめするよ👵










",3,3,"2,575",2025/08/31 23:00:00,https://www.threads.com/@ajinobaba/post/DOBaAQzjXEe
,"なんでそんなに無添加こだわってるの？
って言われると、ちょっと困る。

現実では、こっそり無添加生活してる😂

お友達とかに宗教っぽいって思われるのこわいんだよね。
本当は、ちょっとだけ誇らしいことなのに…🥹

みんなはこの質問されたらなんて返すの？





",8,41,"2,564",2025/10/3 22:00:39,https://www.threads.com/@ajinobaba/post/DPWRXbCjP_i
,"え、ちょっと待って。
妊婦さんや授乳中ママにこそ知ってほしい…🥹

カフェインレスなら安心って思ってない？！

バアバもそう思ってたんだけど、、、
実は「薬品でカフェインを抜いてる」ものがあるって知ってた？

しかも、そのやり方、想像以上だった…👇

一部のカフェインレスコーヒーは化学溶剤で、カフェインを除去してる。
もちろん安全基準は満たしてるけど、薬品漬けって聞くと、ちょっと怖くない？
しかも、カフェインの除去の方法は表示義務はない。
だから、ちゃんと表示がある商品を選ぶしかないね。
バアバのおすすめは・・・👇 

①ブラウンシュガーファースト　グッドナイトブレンド
薬品を一切使わず、山の天然水だけでカフェインを除去する 「マウンテンウォータープロセス」を採用。
さらに、有機JAS認証を取得した品質で、妊婦さんでも安心して飲めるコーヒーだよ👵✨
a.r10.to/hYqj5… pr 

②uni coffee stand　カフェインレス ドリップコーヒー
化学薬品不使用で99.9％カフェインフリーを実現させたコーヒー。
方法は詳しく書いてないけど、化学薬品不使用だからピックアップ☺️
とにかく香りがすごく良いみたい！！
a.r10.to/hFI4H… pr 

③むそう 有機 カフェインレス コーヒー
高級コーヒーとして名高いインドネシア産のマンデリンを使用。
スイスウォーター製法という化学物質０の方法でカフェインを除去😳
ほっと一息、自分のご褒美にいいね👵✨
a.r10.to/hN5BY… pr 




",4,12,"2,535",2025/10/4 21:00:03,https://www.threads.com/@ajinobaba/post/DPYvOgmjLwv
,"ちょっと待って……
また、たった1日でフォロワーさんが300人近く増えた😳
公式ラインでも色々な質問をいただいて、みんなちゃんと考えてるんだなってバアバ嬉しくなったよ☺️
今後とも、みんなのお役に立てるような投稿をしていくから、よろしくお願いしますね👵✨
























",0,13,"2,532",2025/08/29 6:30:00,https://www.threads.com/@ajinobaba/post/DN6fJfbEUkd
,"有益すぎてバズったら削除するかもですが、、、
果汁100%ジュースかどうかを 一瞬で見分ける方法 を教えます！

「パッケージにリアルな果物の断面が描かれているか？」
実はこれだけなんです👵✨

ちなみに…
・果汁100% → 断面の写真OK
・果汁5%以上100％未満 → 丸ごとの果物写真はOK
・果汁5%未満 → 丸ごとの果物はイラストならOK

左から順番に画像で並べてみるね☺️
子どもの飲み物選びの参考にしてね✨

コレすら考えなくても一瞬で選べる無添加の商品ををまとめているのが、楽天で買えるほぼ無添加200選
固定ポストからチェックできます👵✨ 















",1,23,"2,530",2025/9/30 11:50:13,https://www.threads.com/@ajinobaba/post/DPNdH7JiISj
,"赤ちゃんの肌トラブルで悩んでるママいない？👶💦

実は…ベビー洗剤って「いつまで？」って迷うよね…
明確な決まりはないけど、1歳前後を目安で考えると良いみたいだよ☺️ 

特に敏感な新生児期（生後1か月頃）までは、専用洗剤を使うのがおすすめ！！

バアバのおすすめは👇

①自然の恵そのまんま　洗濯用液体石けん
4本以上で送料無料だよ☺️
合成界面活性剤不使用で安心✨
a.r10.to/h573h… pr 

②アラウ　ベビー
成分はたった2つだけ！
純石けん分（30%脂肪酸カリウム）・アロエエキス
かなり安心んだよね！
天然ハーブの香りもほんのりでバアバ大好き！
バアバの家はコレだよ✨
a.r10.to/hgc0J… pr 

③エコランドリー
肌にも環境にも優しい無添加洗剤✨
一回の選択がたった1gでOKだからコスパ最強？！
なんと、洗濯槽まで綺麗になるみたい！
そんな夢の洗剤は
a.r10.to/h5W8M… pr 











",3,6,"2,498",2025/10/2 21:00:18,https://www.threads.com/@ajinobaba/post/DPTlqlKDf4u
,"きっと削除されますが、本気で語ります‼️

ここだけの話、結構やばいnote書いちゃった自信ある…
この1冊で完全に無添加生活を一気に進められるよ👵✨

本当に良い商品しか紹介していないし、大手メーカーの商品ってほぼ無いから話題になってしまったた販売停止もあり得ると思う…💦

でも、モニターさんからも、嬉しい感想たくさん来てた ︎
みんなの健康と幸せを守れるのがとっても嬉しい🫶





















",0,12,"2,471",2025/9/28 19:00:07,https://www.threads.com/@ajinobaba/post/DPJEuyeiDSJ
,"悪いことは言わないから、子育てママさんは全員この投稿見て‼️

2日前の投稿で子供にあげるおやつに悩むって声をたくさん貰ったんだ👵
だから、ほんの一部だけど、バアバおすすめのおやつを紹介するね！

基本はこっちのおやつをあげて3日に１回は子供が好きなものを食べれる。とかだとバランスがとっても良いと思うよ✨

そんなバアバのおすすめおやつは・・・👇

①自然そのままおやつ！こどものためのほしいもスティック
国産の紅はるか100%使用で、手作業で作られてる干し芋だよ☺️

100gで小分けされてるから使いやすいし、オーブンで焼いてもスイートポテトみたいで本当に美味しい✨
今なら300円OFFのセールみたいだよ🫶

私みたいにめんどくさがりのためにURL貼っとくね👵
https://a.r10.to/h87H1c


②ミスターマンゴーのドライマンゴー (砂糖不使用）
原材料は本当にマンゴーだけ！
保存料や漂白剤もなし、おまけに砂糖もなし！

なのに210g入って1,000円だよ😳
バアバびっくりしちゃったよ・・・

私みたいにめんどくさがりのためにURL貼っとくね👵
https://a.r10.to/hFlSSM

③函館あたりめ
無塩・無添加で原材料はイカだけ！
子供の噛む力を育てるのに、やっぱりスルメは外せないよね〜

考え方バアバすぎるかも知れないけど😂
お父さんのおつまみにもなって一石二鳥だね✨

私みたいにめんどくさがりのためにURL貼っとくね👵
https://a.r10.to/hgH5Or






",3,17,"2,404",2025/08/29 20:00:00,https://www.threads.com/@ajinobaba/post/DN77xldjSC2
,"noteの公開日、決めました！！

「絶対に読みたい！」って声も届いてて、本当に嬉しい🥹
急ピッチで仕上げていくよ‼️

この日に向けて、全力でがんばります☺️
みなさんの食生活が、少しでも安心でラクになりますように✨

 【公開日：9月28日（日）20:00】

それと、またまたお知らせ👇

さっき「有料にする」とお伝えしたんだけど、
先行で10名様限定・無料モニターを募集します✨
固定ポストの「公式ラ◯イン」に登録して、以下の3つを返信するだけで応募完了！
① 性別
② 年代（〜10代、20代、30代…）
③ 一言コメント（自由にどうぞ☺️）
※抽選はガチのランダム！恨みっこなしで🙏
※当選した方には、後日お送りします。
気になってた方、ぜひぜひご応募くださいね〜👵✨
















",1,18,"2,314",2025/9/26 22:00:30,https://www.threads.com/@ajinobaba/post/DPEPyTCkgZO
,"この際だからハッキリ言います。ダイエットってカロリーだけ気にしても意味ないです。
一番の落とし穴は人工甘味料。（ゼロカロリー食品）
ゼロカロリー食品は血糖値の関係でお腹が空く→間食が増える→我慢も増える。
まずはゼロカロリーだけ徹底して避けてみて。それだけでダイエットのしんどさは大きく変わります✍️
コンビニで手軽に買えるおすすめおやつは👇 

①冷やしさつまいも
②素焼きナッツ類
③さけるチーズ 

















",0,3,"2,269",2025/08/16 17:00:00,https://www.threads.com/@ajinobaba/post/DNaI0_Ng8TL
,"みなさん、本当にお待たせしててごめんね😭

やっと…「楽天で買えるほぼ無添加200選」note
ようやく完成が見えてきたよ！！

間違いなく、バアバ史上最高の1冊になった✨

だって1つ1つの食材を自分の目で選び抜いて、しかも丁寧に理由まで解説してるnoteは他に見たことがないよ✨

それもそのはず。
ネットで調べるだけじゃ、こんな内容にはできなかった🥹

これは無添加レストラン、セミナーを含めた、40,000時間以上を「食の安全」と向き合ってきたバアバの知識と経験を全部詰め込んだ集大成です🫶

ここでひとつお知らせがあります👇

ごめんね…
このnoteは【有料＆数量限定】で販売することにしました🙏
というのも、Threadsの反響が想像以上で、たくさんの方に届きそうな気がしてるの。
でもね、実はこれまでにバアバの投稿で
「店頭から商品がなくなった」こともあって…
だからこそ本当に必要としてくれる方に、しっかり届いてほしいって思ったの。
価格はまだ調整中だけど、
もちろん、手に取りやすい価格にする予定です☺️
ぜひ楽しみにしててね👵✨












",6,24,"2,218",2025/9/26 20:00:25,https://www.threads.com/@ajinobaba/post/DPECCvagVcb
,"え、、？！ちょっと待って……

昨日の【楽天で買えるほぼ無添加200選note書いてるよ】って投稿、バアバの想像以上の反響で、本当にびっくりしてるよ😳✨

いいね140件超え、「読みたい！」の声も30件近く。
これはもう、全力で仕上げるしかないって思ってる‼️

それだけ、食の安全にモヤモヤしてる人が多いってことだよね🥹

👇

でも「どう選べばいいか分からない」って悩んでる人がほとんどだと思う。
バアバは、無添加レストランでの20年の経験に加えて、
本を何十冊も読んだり、セミナーにも通ったり、、、
気づけば40,000時間以上「食の安全」についてずっと考えてきたよ😳
今は「安心そうに見える」情報も多い時代。
だからそこ、本当に信じられる「安心の選び方」を届けたいと思ってるよ！ 

今回のnoteは、バアバが詰め込める知識を全部込めた1冊。
「これは買ってよかった」って思ってもらえる内容にするからね👵✨
みんな、もう少しだけ待っててね🥹✨ 

















",2,32,"2,212",2025/9/25 22:34:38,https://www.threads.com/@ajinobaba/post/DPBu5UkkcYa
,"【ご連絡】
バアバに教えてほしいこと、じゃんじゃん書き込んじゃって‼️👵

いつも投稿を見てくれてありがとうございます！
ありがたいことに、個別相談も結構いただいてます🫶

【いただいた相談✨】
ドレッシングのレシピは？
今年イワシが良いらしいけどオススメの食べ方は？
サプリメントに対する考え方は？などなど

質問してもらったものは、threadsで投稿していきたいなって思ってます✨

他にも気になることがあれば、どんどんコメント下さい🫶





",0,8,"2,174",2025/9/6 22:00:34,https://www.threads.com/@ajinobaba/post/DOQv5OxiU4b
,"1万人に届いた投稿なんだけど、子供のおやつ問題ちょっと情報出しすぎた気がする。

もしかしたら、メーカーさんに怒られるかも・・・？😭
特に安いプリンに対しては、バアバ怒りすぎてて、ちょっと反省だよ👵💦

炎上したり怒られたりしたら、予告通りすぐに消すので、今のうちに見ておいてください！ 



公式LINEでは、バアバの本音を話しやすくなるし、相談者さん一人一人の状況に合わせてアドバイスできるよ！
小さなことでも良いから、悩みがある人は相談においでね☺️






























",2,12,"2,111",2025/08/31 22:00:00,https://www.threads.com/@ajinobaba/post/DOBTGwLjN0C
,"悪いことは言わないから、1歳〜3歳のお子さんがいるママはおやつ全員ストックして🥹

小さい子のおやつって、何をあげたら良いか悩んでるママが多いんだよね・・・
実際、バアバも結構相談もらうんだよ！

小さい我が子に変なものは食べさせたくないって気持ちよ〜く伝わってるよ👵

今からバアバが厳選した、安心安全なおやつを紹介するよ！
おすすめのおやつは・・・👇

①おこめぼー

原材料は国産のうるち米と水のみ！！
塩や砂糖も不使用！！
お野菜は粉末だけど、これは全く気にならないレベル！！

そしてお湯をかけたらおかゆ代わりにもなる最強のおやつ兼ごはん🫶

すぐポチれるように、URL貼っとくね👵
https://a.r10.to/hRe0WG

②ふっくりんこJAPON 白米ポン菓子

基本的に国産の原材料を使用してるポン菓子だよ👵
うるち米は全種類、北海道産を使用していて、安心して子供に与えられる！！

これもお湯をかけると、お茶漬けみたいにして食べられるのが良いね〜

すぐポチれるように、URL貼っとくね👵
https://a.r10.to/hR7ofT

③純国産 卵黄ぼーろ (4連)

ボーロって加糖卵液とか膨張剤とかが入ってて、ちょっと嫌だな〜って思うものが多かったんだけど、ここのボーロなら安心かな✨
じゃがいもからのでん粉と、国産の卵黄で作ったボーロで、砂糖も甜菜糖を使用🫶

安定のノースカラーズだよ✨

すぐポチれるように、URL貼っとくね👵
https://a.r10.to/hkWs86;
",3,11,"2,092",2025/09/01 20:00:00,https://www.threads.com/@ajinobaba/post/DODqNvjCV-q
,"え、待ってこわすぎる……
娘の友達の旦那さんが、ある日突然に完全無添加主義になるパターンがあるらしい・・・
しかも、食品だけじゃなくてシャンプーやら歯磨き粉、洗濯洗剤まで。
「家族のため」「病気より安い」って言ってるそうで、気持ちは分かるけど完全無添加だと選べるものは減るし高いのよね…
同じような経験ある人いない？
バアバは愚痴でも何でもいつでも聞くし、みんなの味方だよ👵








",0,3,"2,073",2025/08/16 11:48:00,https://www.threads.com/@ajinobaba/post/DNZlLHsI6zx
,"一言だけ言わせてください。完全無添加は続きません。
私はゆる無添加生活をしていて…外食も大好きです☺️
たまには外食しちゃうくらいのゆるさが継続の鍵だと思ってます。
ただ、絶対避ける添加物が３つあります。
人工甘味料・合成保存料・合成着色料。
疲れた日、ウーバーをポチりたくなるけど…添加物が気になる。
そんな時に頼れるのが、この3つを使っていない大手チェーン。
バアバの外食救世主リストはこちら👇 

①リンガーハット
野菜、麺、餃子の小麦粉すべて国産使用。
保存料・合成着色料を不使用。
②大戸屋
保存料・人工の着色料・香料・化学調味料を不使用。
店内調理にこだわっている。
③スープストックトーキョー
「化学調味料や保存料に頼らない、余計なものを添加しない」という信念でスープを提供 



















",0,14,"2,068",2025/08/16 10:00:00,https://www.threads.com/@ajinobaba/post/DNZY08GB1f6
,"みなさん、沢山のご応募ありがとうございました！！

数え切れないけど、100件くらいメッセージ頂いたよ🥺

本当にみんな食について真剣に考えてて凄いなって思ったよ🫶

当選者には15時ごろにお送りさせていただくね☺️




",0,13,"2,031",2025/9/27 13:55:46,https://www.threads.com/@ajinobaba/post/DPF9GzukYZU
,"安全な食品を探している人へ、はっきり言います‼️

今の世の中は添加物だらけ…
でも、時間もコストもかけて、「本当に安全な食品」を届けてくれるメーカーはちゃんとあるんです👵✨

だからこそ、私たちが買って応援することが大事。
「この商品を作ってよかった」と思ってもらえるように☺️




",0,36,"2,020",2025/10/2 13:00:53,https://www.threads.com/@ajinobaba/post/DPSuzMfjNym
,"この前の投稿、やっぱりバアバやりすぎたみたいだ・・・👵
フォロワーさんを不安にさせちゃったみたいで申し訳ないね・・・

でも、大事な子供が食べるおやつに、価格を下げるために余計なもの入れるのは本当に許せないんよ・・・💢
プリンをゲル化剤で固めるとかさ・・・

だから、離れて暮らす孫にも安心して送れるプリンを3つ紹介するよ☺️


①懐かしい素朴なカスタードプリン
昭和の喫茶店を思い出すような硬めのプリンだよ！
余計なものは何一つ入ってなくて、安心安全☺️

一番コスパも良い商品だね✨
https://a.r10.to/hP3tYz



②ありがとうプリン
ふわとろ食感の絶品プリンだよ✨
新鮮なものを食べてほしいから、完全受注生産制というこだわりっぷり！

注文してから7日くらいかかるみたいだけど、大好きな家族に安心のものを送れるのは嬉しいね👵
https://a.r10.to/h5Vb23


③生とろ 焼き芋プリン
バアバが好きすぎて紹介しちゃったよ☺️
1日100個限定生産の焼き芋プリンだよ

牛乳の次に焼き芋の量が多いから濃厚だけど、なめらかな食感で最高なんだよね👵
https://a.r10.to/hP2zIc






",3,16,"1,884",2025/08/30 20:00:00,https://www.threads.com/@ajinobaba/post/DN-gmP5k3rd
,"怒られたら消しますが・・・
バアバは自然治癒力があるから薬を使わないって人たちが怖いです🥹
何でもかんでも薬を飲むのも良くないけど、必要な薬は飲むべきだと思う。
だから、バアバのフォロワーさんは絶対やめてね🥹
薬を減らしたいなら絶対お医者さんに相談して！！
バアバとの約束だよ👵










",0,24,"1,822",2025/09/01 17:00:00,https://www.threads.com/@ajinobaba/post/DODVnQEgiKb
,"【大募集】
バアバ、さっき娘から聞いて知ったんだけど、いま楽天市場でお得なセールやってるみたいだね！！
もし、今悩んでる食品とか調味料があれば教えて！
多かったものはバアバが20年かけて考え抜いた、とっておきの商品達を教えるよ👵
みんなにも共有できるから、ここにメッセージ書いてくれると嬉しいよ✨
でも、LINEで相談にきてくれても大丈夫だからね〜☺️










",0,2,"1,815",2025/08/25 21:00:00,https://www.threads.com/@ajinobaba/post/DNxvgNIQI19
,"独り言なんですが…

昨日の【輸入果物の安全性を知る方法】の投稿はあまり需要なかったのかな…？

バアバ的には国産はオーガニックとか気にしてないけど、海外は結構気になっちゃうんだよね。

柑橘類だと防カビ剤とかも結構怖いじゃない…🥺

ぜひ、子育てママさんには見てほしいな！
スーパーでちらっと見るだけで安心して選べるようになるよ👵✨




",0,18,"1,807",2025/10/1 12:00:19,https://www.threads.com/@ajinobaba/post/DPQDEy4jBFt
,"【大募集】

無添加かゆる無添加で、おすすめの食材・調味料あったら教えてほしいな👵✨

まだまだバアバも知らないことばかりだから、みんなで勉強して大事な人守りたいよね✨

みんな、気軽に書いてほしいな☺️
バアバおすすめの基本調味料はコレだよ！👇

砂糖：素焚糖
塩：海の精
酢：富士酢プレミアム
醤油：井上古式醤油
味噌：名刀麹味噌














",1,11,"1,803",2025/08/30 18:00:00,https://www.threads.com/@ajinobaba/post/DN-S5c3E5Vf
,"昨日の投稿した「炎上したら消しますpart6」大丈夫かな…
特に豆腐なんて、〇〇豆腐店一択になっちゃったし、もしかしたら他のメーカーさんに怒られるかも・・・？😭
でも、体に良いと思って買ったのが、実は悪いなんて悲しいから全ママに届いて欲しい✨
炎上したら予告通り消すので、今のうちに見ておいてください！










",0,10,"1,749",2025/09/04 12:00:00,https://www.threads.com/@ajinobaba/post/DOKhnAsAVbr
,"炎上したらすぐ消します。

「添加物は国の基準で安全って聞くけど…」
実はそれ、1つずつ使ったときの話なんだよね👵

でも実際は、いろんな種類の添加物が組み合わさってる食品も多くて…

組み合わせの影響って、ちゃんと調べきれてないことが多いんだよ🥹

国の基準もあるから、大きな問題は起きにくいはず！
だけど「安全とはっきり言い切れるわけじゃない」のもまた事実。

だからバアバは【できるだけ避ける】っていうゆるいスタンスでやってるよ👵✨





",0,35,"1,726",2025/9/25 20:00:13,https://www.threads.com/@ajinobaba/post/DPBdOW2ie_A
,"【ご報告】
バアバまたやらかしました・・・😭

ちょっと前にベビーフードはこれ一択！
って投稿をしたんですが、また良い商品を見つけました‼️

日本の企業努力って本当にすごい！
5ヶ月から2歳くらいまで対応してくれてるよ✨

Little One's(リトルワンズ)


気になる原材料は・・・👇



さらに・・・冷凍保存のやり方と注意点まで！！
優しさに溢れててバアバ感動😭






















",2,14,"1,675",2025/09/02 22:00:00,https://www.threads.com/@ajinobaba/post/DOGcp-YAdl4
,"こんにちは☀️
まだまだ暑い日が続くね〜🥵

そんな時は、無添加紀州南高梅だね！
自然な色の梅干しは、本当に体が喜ぶんじゃ☺️

こうやってゆる〜く無添加生活してるのが良いね👍

バアバのおすすめ・・・👇
今ならお得に梅酢ももらえちゃうんだって😳


梅と塩以外使ってない自然な色の紀州南高梅
1950円を2個購入で美味しい梅酢も付いてくる！
暑い夏にソーダ割りが最高じゃな
https://a.r10.to/h54Sdt






























",1,8,"1,672",2025/08/29 12:00:00,https://www.threads.com/@ajinobaba/post/DN7E4z3CB0g
,"おはようございます☀️
朝の散歩って、布団から出るまではすごく大変で『もう少し寝たい・・・』って思うのに、朝日を浴びた瞬間に幸せな気持ちになるね☺️
そして家に戻ってからの、冷たい麦茶が最高に染みるのよ！！
我が家の夏は「グリーン・ダカラ優しい麦茶」なんじゃ。
完全無添加を目指しとる訳じゃないが、この麦茶が一番美味しく感じるんよ。
みんなは麦茶飲むかい？










",0,4,"1,670",2025/08/16 6:03:00,https://www.threads.com/@ajinobaba/post/DNY9paSg89g
,"断言します。
親が子どもに残せるものは、健康的な体です。
お金や学歴も確かにそうなんですが。
健康的な食生活を癖にできた子は強い。体が丈夫っていうのはそれだけで素晴らしい✨
でも、今は安く簡単に栄養のないカロリーを摂れてしまう・・・🥺









",0,37,"1,664",2025/08/30 14:00:00,https://www.threads.com/@ajinobaba/post/DN93WBSEWqA
,"炎上したらすぐ消します‼️
子どもが絶対食べたがるこの3つ

ママたち…ほんとにそのまま買って大丈夫？🥺

①プリン
②カステラ
③アイス

ごはん気をつけてても、おやつで台無しってパターンも多い…😭

でも大丈夫、スーパーで買える「安心なおやつ」バアバがぜんぶまとめたよ👇

① プリン
・ゲル化剤が入ってるのはNG
・カラメル色素は発がん性物質の恐れがあるのでNG
作ったことある人は分かると思うけど、本来は卵だけで固まるのにゲル化剤で固める・・・
高い卵を減らして値段を安くするためだよね👵
そんな怖いものを食べさせられない！！
スーパーで買える、バアバおすすめのプリンは・・・
・栄屋乳業 こだわり極プリン
・メイファーム 牛乳と卵のプリン 

②カステラ
・保存料や香料に注意が必要
・抹茶やイチゴなどのフレーバーは着色料にも注意
そもそも、カステラには添加物が少なめだから、体に優しいおやつではあるよ☺️
ただ、保存料とかは避けたいね。
スーパーで買える、バアバおすすめのカステラは・・・
・西友　お墨付きシリーズのカステラ
・やまざき　しっとりカステラ 

③アイス
・ぶどう糖加糖液糖は出来るだけ避けたい
・香料も結構使われているので、可能であれば避けたい
値段が高くなるので難しいけど、出来るだけアイスミルクかアイスクリームを買いたいね👵
そんなバアバのおすすめアイスは・・・
・Dear Milk
・井村屋　あずきバー ",4,7,"1,604",2025/10/4 20:00:53,https://www.threads.com/@ajinobaba/post/DPYodI-kvn6
,"【 痩せたい人へ】
なかなか理解してもらえないんですが、ダイエットにゼロカロリー商品は逆効果です。
砂糖の代わりに入ってる人工甘味料。
コイツは超簡単に説明すると、体に入れるとお腹が空く。
だから、人工甘味料はさけにゃならん。
どれの添加物を避ければいいのかは、
@ajinobaba
をフォローしておいてね👵







",0,1,"1,601",2025/08/15 23:09:00,https://www.threads.com/@ajinobaba/post/DNYOUZQR26N
,"昨日の「スーパーの梅干しはほとんど偽物」って投稿、見てくれたかい？👵

本物の梅干しからは「梅酢」ができる。
でも今スーパーに並んでるのは、梅酢が出ない「なんちゃって梅干し」がほとんど🥹

梅酢は、昔の人にとって常備薬のような存在だったんだよ。

うがい、傷の手当て、疲労回復、殺菌…
1本で何役もこなす、まさに自然の力。

便利と引き換えに、失ったものはたくさんあるよね…





",0,18,"1,589",2025/9/30 20:00:15,https://www.threads.com/@ajinobaba/post/DPOVM_RDgJC
,"悪いことは言わないから、子育て大変なママさんは全員冷凍食品ストックして‼️part2

子供のご飯に気を使いすぎて、自分のご飯が適当になってやしないかい？😭
バアバは若い頃、それもあって栄養失調で倒れたんだよ。

今からほぼ無添加の冷凍食品を教えるから、忙しいママは冷凍庫にストックしなされ。
それだけで、心の余裕になるよ🫶

おすすめの冷凍食品は・・・👇

①おかわりハンバーグ (トマトソース)
国産の豚肉、甜菜糖、丸大豆しょうゆなど、調味料にまでこだわってる！
焼いた後に、トマトソースと一緒に真空袋に入ってるから、レンジか湯煎でOK☺️

私みたいに調べるのが億劫な人のためにURL貼っとくね👵
https://a.r10.to/hNdYGf

②美味しい無添加餃子
イタリアの岩塩以外は国内産の野菜と肉で作られてる餃子！
特選・にんにく・しそ・チーズ・れんこんの5種類から選べるのも嬉しいね🫶

私みたいに調べるのが億劫な人のためにURL貼っとくね👵
https://a.r10.to/hP9Y9D

③秋川牧園　お弁当Aセット
ママにとって最強の味方「秋川牧園」
スパイシーな商品2つあって、その他はミートボールとか子供が好きなラインナップ！

このセット組んだ人、絶対子育てママだと思う✨

私みたいに調べるのが億劫な人のためにURL貼っとくね👵
https://a.r10.to/hPTdv8








",3,4,"1,555",2025/09/03 21:00:00,https://www.threads.com/@ajinobaba/post/DOI6rmBjPhy
,"書きたいことが多すぎて、全然終わらない…😭

昨日も気がついたら、夜中の3時😳

バアバが機械音痴だから操作もたどたどしいけど、
それでも絶対に仕上げるって決めてるんだ！

本気で「家族を守りたい」って思ってる人の力になりたいから。

もうちょっとだけ頑張るね👵✨
役立つ投稿ができてなくてごめんね🙏

でも応援してくれたらうれしいです☺️




",2,20,"1,511",2025/9/26 17:00:47,https://www.threads.com/@ajinobaba/post/DPDtfD2AYwk
,"ねぇねぇ妊婦中のママさんたち！！！
柑橘類の投稿見てくれたかい？
炎上したらすぐに消すから、まだの人は今すぐ確認して旦那さんにも共有して‼️
プロの農家さんにもお話を聞いたら、やっぱり国産の柑橘類が良いって教えてくれたよ！
なんで国産がいいのかは下に貼っておくよ👇 





























",1,3,"1,477",2025/09/03 19:00:00,https://www.threads.com/@ajinobaba/post/DOIs3vCEZXY
,"悪いことは言わないから、ママさんは全員「ゆる無添加」始めて。
完全無添加だけが正義だと思わないでください。食生活を気にしてる人は添加物をできるだけ避けようと頑張ってると思います。だけど、完全無添加じゃないとダメだって思ってたら苦しくなってきます。大事なのは避ける添加物を決めてそれだけ避けること。
私が避ける添加物にしている3つは・・・ 








①人工甘味料
アセスルファムK、スクラロース、アスパルテーム
②合成着色料
色と番号で記載されてるもの
赤◯号、黄◯号など「赤、黄、青、緑がある」
③合成保存料
ソルビン酸（K）・安息香酸（Na） 










",1,3,"1,475",2025/08/15 17:00:00,https://www.threads.com/@ajinobaba/post/DNXkBgHgb1v
,"バアバが育児中に知りたかったこと、こっそり教えちゃいます👵
ベビーフードはこれ一択✨

①
国産のうるち米を使って、お湯を注ぐだけでお粥ができちゃう粉末タイプ！

②
１食約20円というコスパ最強で、粉末タイプだから作る量も調整できてロスがない！

③
粉末タイプだからお出かけの時も荷物にならない

④
味の種類が豊富で子供が飽きない

⑤
添加物はホタテの貝殻のみを使った貝カルシウムのみ。なので安心


そんなバアバ一押しのベビーフードは・・・👇
「まつやのおかゆ」
プレゼントにも喜ばれること間違いなしだね👵
https://a.r10.to/hPebxP





























",1,4,"1,429",2025/08/31 11:00:00,https://www.threads.com/@ajinobaba/post/DOAHlPkEyC4
,"プロの農家さんから、貴重なお話をいただいたよ✨
ちゃんとプロの農家さんからお野菜買わなきゃね☺️

















",0,4,"1,428",2025/08/25 22:25:00,https://www.threads.com/@ajinobaba/post/DNx5KTk4gMS
,"本当に大暴露しちゃいます。
人工甘味料を摂ると、逆に太りやすくなってしまいます・・・
①人工甘味料を使うと、舌に甘みを感じ糖が体に入ってくると勘違いする
②インスリンを少し出してしまう
③糖分が入ってこないのにインスリンが出ると、逆に血糖値が下がり、それを補うためにお腹が空いてしまう。
人工甘味料を全部避けるのは不可能だけど、カロリーに惹かれてゼロカロリー食品を選ぶのだけはやめておくれ🥹












",0,15,"1,409",2025/08/30 22:00:00,https://www.threads.com/@ajinobaba/post/DN-uUU-j5YV
,"何度も言うけど、、、
少しでも、添加物や食品について迷ってることがあれば、バアバにLINEで相談してね☺️
無料とは思えないほど、丁寧にしっかり相談に乗ってるからね！
喜んでもらえることが嬉しいから、バアバもつい頑張り過ぎちゃうんだ😂

公式ラインはコチラ👇
プロフィールの固定投稿の返信欄にもあるよ！



































",1,5,"1,396",2025/08/26 10:19:00,https://www.threads.com/@ajinobaba/post/DNzK7tkZhWh
,"あたしゃ43歳の夏、菓子パンとカップ麺ばかりで栄養失調に💦
完全無添加に走ったが、食べる物が減り心がすり減ったんじゃ。
そこで合成着色料・合成保存料・人工甘味料だけ外す“ゆる無添加”へ🍵
今は家族や孫と笑顔でごはんを楽しめるんじゃ❤️
今年のお盆はみんな集まってくれて、バアバ感激！
質問もコメントも大歓迎じゃから、気軽に声かけておくれ👵








",0,7,"1,362",2025/08/14 12:39:00,
,"昨日の投稿、見てくれたかい？👵
かなり好評で「秋川牧園のナゲット買いました✨」って連絡が来て嬉しかったよ☺️
バアバ、食品に関してはうるさいからね👹
でも、そんなバアバがおすすめしてるところは頑張ってる会社だから、みんなで購入して応援できたら嬉しいよ！
あと、真面目なところはちゃーんと美味しいんだよ☺️









",0,14,"1,351",2025/08/29 22:00:00,https://www.threads.com/@ajinobaba/post/DN8JjUlABUy
,"え、待ってこわすぎる……
離乳食期のママが添加物に気をつけてるのに、義母と旦那に気にしすぎって言われて自信をなくしてる人がいるらしい…
全部避けることはできないけど、努力してるのに無駄って言うのは違うよね🥹
私はそんな人の味方でいたいと思ってる！
同じ境遇の人はいいねして、バアバに教えてね👵








",0,4,"1,342",2025/08/15 12:04:00,https://www.threads.com/@ajinobaba/post/DNXCOL3oS79
,"良い言葉ですね〜☺️
食事も同じような事が言えそうだよ✨
手を掛けるのも大事だけど、長く続けると苦しくなっちゃうものね👵
ひとつ勉強になりました！


















",1,3,"1,336",2025/08/25 19:52:00,https://www.threads.com/@ajinobaba/post/DNxnu0-Yj19
,"1つ1つ調べる買い物、大変じゃない？🥹

スーパーでもネットでも
「これ、大丈夫？」って毎回確認して
いつの間にか、買い物がストレスになってたり…

そんなフォロワーさんの相談を、沢山聞いてきたよ👵

だから、その悩みを一瞬で手放せる方法を、固定ポストに置いてます🫶

気になった人はのぞいてみてね！





",0,6,"1,326",2025/10/3 20:00:00,https://www.threads.com/@ajinobaba/post/DPWDjzpgky0
,"ついに残り時間わずか…‼️
みなさん、お待たせしました👵✨

「家族を守る食事」はこのnoteで出来る！楽天で買える、バアバ厳選・ほぼ無添加200選

公開は今日の20時です☺️
時間になったらThreadsでURL貼らせてもらうね！

先に読んでくれた方がいちばんお得になるように、
「数量限定」＋「徐々に価格調整」していきます！

バアバが紹介する商品は、店頭から消えることもあるからね…

できるだけ先に手に取ってくれた人を優先したいのよ✨

買う予定がない人も損しないように見てね☺️👇

無料部分だけでも約4,000字！
「買う予定ないかも…」って人も、
無料で読める部分だけでも読んでみてほしい✨
バアバがなぜ無添加にこだわってるのか？
そして今日から実践できる食の選び方のチラ見せまで、ぎゅっと詰め込んだよ☺️
食のモヤモヤが、ちょっとだけ軽くなるはず！

















",1,9,"1,307",2025/9/28 19:30:30,https://www.threads.com/@ajinobaba/post/DPJINUXk5MG
,"断言します！！
これだけは抑えてほしい、夏の水分補給で気をつけたいこと！
❶人工甘味料が使われていないこと
❷加糖ブドウ糖液糖が使われていないこと
❸添加物が少ないと安心
じゃあどれ買えばいいの？と迷ったら・・・ 



① グリーン•ダカラ
人工甘味料、果糖ブドウ糖液糖なし
②粉末タイプのポカリ
人工甘味料、果糖ブドウ糖液糖なし
③ペットボトルのポカリ
加糖ブドウ糖液糖あり
特に良いのはグリーン•ダカラ
原材料が砂糖とフルーツ果汁でシンプル
血糖値の急上昇もなくゴクゴク飲めるから安心👍 


















",0,5,"1,299",2025/08/15 14:00:00,https://www.threads.com/@ajinobaba/post/DNXPa6CtTvx
,"凄い…😳😳

たくさんの方から無料モニターの応募が来てきてバアバ本当に嬉しい☺️🫶

熱量が高い人もいて、凄く嬉しいな👵
でも、先着でもなく完全ランダムで選ばせて頂くよ✨

1つ前の投稿から、応募お待ちしてます！






























",0,1,"1,292",2025/9/26 23:31:12,https://www.threads.com/@ajinobaba/post/DPEaKmdERL6
,"これガチです・・・
昨日は夜遅くまで公式LINEのメッセージに返信させて貰ってたよ👵
みんな自分の体を作る食事とちゃ〜んと向き合っていて、バアバはすごく嬉しかった。
本気の人にはとことん本気で返すのがバアバ流！
だから返信にも熱が入って700文字以上で返事しちゃった💦
まだまだ相談受け付けてるから、いつでもバアバを頼ってね👵


































",0,4,"1,248",2025/08/25 8:56:00,https://www.threads.com/@ajinobaba/post/DNwclyx5nBm
,"勘が良い人は気がついてますが、、、

添加物は「健康に影響がない量の1/100〜1/10」しか使えないって決まりがあるんだ！

だから安全だ！！っていう人もいるけど…
実はそれ、添加物を単体で摂取するときの話🥹

複数の添加物を組み合わせたときの影響は調べきれないんだって💦
無限に組み合わせがあるからね…

危険とも言い切れないけど、安全とも分からない。
だからバアバは出来るだけ避けているよ☺️





",0,6,"1,235",2025/10/2 18:00:20,https://www.threads.com/@ajinobaba/post/DPTREdVAV-O
,"れつマムさんが復活したよ👵✨

まだフォローしてない人はぜひ！！
凄く良い情報発信をしてくれてるよ☺️

バアバも子育て時代に知りたかった🥺
















",1,3,"1,208",2025/10/1 11:17:36,https://www.threads.com/@ajinobaba/post/DPP-L2giOiW
,"皆さん、noteの先行モニターさんのご応募ありがとうございました👵✨

100件以上の応募があり、本当に驚きました😳

今回ご縁があったモニターさんには個別で連絡をさせていただきました。

残念ながらランダム抽選から漏れた方も、本日の20時にメッセージを送付しますのでお見逃しなく😊

公開まであと10時間…
初めての経験だからすごく緊張するよ…🫨



",0,11,"1,192",2025/9/28 10:00:17,https://www.threads.com/@ajinobaba/post/DPIG9AfCXJQ
,"輸入果物は、農薬とかが少し心配…

果物についてるシールの番号で、安全性がわかるかも？👵✨
輸入果物のシールの数字に注目！

✅「9で始まる5桁」→オーガニック 
✅「4桁の数字」→通常栽培
✅「8で始まる5桁」→ 遺伝子組み換え（GMO）
※実際はあまり流通なし

ちょっとした豆知識だけど、
知ってると「安心」が手に入るよね！！

でも、正直スーパーで毎回確認する時間はない…🥹
そんな人は固定ポストを確認してね👵✨
冷凍、ドライ合わせて、国産のフルーツを一気に紹介。
海外産はオーガニックを厳選して書いてあるので、記事の中の野菜は全て安心だよ👵✨






















",1,23,"1,187",2025/9/30 21:59:58,https://www.threads.com/@ajinobaba/post/DPOi55NiF_m
,"開始15分で完売しました👵🫶

ご購入いただいたみなさん、ありがとうございます☺️

購入専用LINEに、いつでも相談ください👵






























",0,6,"1,114",2025/9/28 20:22:50,https://www.threads.com/@ajinobaba/post/DPJOMqSkTaW
,"「病は気から」って言うじゃろ。
これは本当に気をつけたほうがいい。
無添加にこだわりすぎて
食べたいもんを我慢して
人を責めて
自分も苦しくなって…
最後は心が折れてしもうた、
なんて人をよう見てきた。
完璧は目指さんでええのよ。
あんたが笑って食べるほうが、ずっと体にええ。
健康で幸せになりたいんじゃ
なかったのかい？











",0,4,"1,112",2025/08/14 15:28:00,https://www.threads.com/@ajinobaba/post/DNU0xJyxxaG
,"おもちゃ売り場スルーして、おやつ売り場で10分悩む孫

「これは添加物…？」
読めない漢字と戦ってる姿がもう愛しすぎて😂

でも最終的に選んだのがシール付きのグミ。

孫よ…
添加物への興味、シールにすべて持っていかれたな？！

やっぱり子どもって最高すぎる☺️✨





",0,8,"1,032",2025/10/4 12:00:29,https://www.threads.com/@ajinobaba/post/DPXxen_iP9i
,"これも凄い！
ベビーフードはまつやのおかゆが一択かと思ってたけど、流石にコレは2強なのかな？👵✨
加工澱粉じゃないってのもポイント高いね🙆‍♀️
































",3,6,943,2025/09/01 11:05:00,https://www.threads.com/@ajinobaba/post/DOCs8v2iLqi
,"凄く嬉しい感想をたくさん頂いてます🫶

自分はいいけど、子供や孫は選ぶ力が無いから大人がちゃんと選ばないとね🥺

今が先安値です！！
固定ポストからご確認ください✨


















",0,1,910,2025/9/29 22:55:43,https://www.threads.com/@ajinobaba/post/DPMEfTFESoC
,"第一弾残り3部です！！

この後、少し値上げするので、迷ってる方はぜひ！！👵✨






























",0,1,824,2025/9/28 20:10:16,https://www.threads.com/@ajinobaba/post/DPJMwnAEY3W
,"threads初めて約3週間で3700人近くの方にフォローして貰えて嬉しいよ👵
個別相談も結構貰っていて、皆ちゃんと考えていて偉いなって思った✨
これからもオススメの商品とか、気をつけたい添加物とか情報共有していくよ！
個別に相談したい人はこちらから・・・👇
もちろん無料だから安心してね✨



































",1,4,807,2025/09/03 19:59:00,https://www.threads.com/@ajinobaba/post/DOIzm5Vkd04
,"コレ本当の話なんだけど…
ママから嬉しい感想がたくさん届いてます☺️

※全部載せきれないのが残念😢

子育てや家事で忙しくて、
添加物までチェックできない…

そんなママに届けたい🫶
✅ 無添加商品200品まとめ済み
✅ 楽天市場だけで完結

子供が寝てる間にスマホでポチ！！

しかも楽天ポイントも貯まるからスーパーよりお得✨
バアバはポイント還元7.5倍だよ😳

みんなは何倍？✨





















",0,2,779,2025/10/1 22:00:56,https://www.threads.com/@ajinobaba/post/DPRHz0AAiVY
,"【ご報告】
ついに、バアバのラインの友達が100人超えました‼️
沢山相談していただいて、嬉しいよ👵
今後は、表では言えないようなことも発信していけるように準備してるところだよ✨
見逃さないように、今のうちに追加しておいてね☺️
ラインの追加は👇から！




































",1,3,655,2025/09/01 18:00:00,https://www.threads.com/@ajinobaba/post/DODccpfCIfR
,"ねぇねぇママさんたち！！！

いいママでいなきゃって、思いすぎるとプレッシャーで苦しくなるよね？

「添加物は避けなきゃ」
「もっと良いものを食べさせなきゃ」

でも、そんなふうに家族のことを想って悩んでる時点で十分すぎるくらい頑張ってるよ👵✨

完璧じゃなくて、ぜんぜん大丈夫。
バアバもね、いきなり全部できたわけじゃないよ。

ちょっとずつ知って、ちょっとずつ変わって、今のほどよい付き合い方になっただけ🫶✨




",0,7,486,2025/10/4 18:00:09,https://www.threads.com/@ajinobaba/post/DPYao2rgQTq
,"これは添加物あっても買っちゃう…ってやつある？
（正直に教えて！バアバ怒らないから！😂）
ちなみにバアバは…
グミだけは、どうしてもやめられないんだよね🥹🫶
新商品のグミがあると、、、つい手が伸びちゃう笑
あなたのやめられないやつ、聞かせて☺️✨








",1,8,"2,080",2025/10/4 22:00:00,https://www.threads.com/@ajinobaba/post/DPY2I1MgW2q
,"ご購入ありがとうございます！！
嬉しい感想、たくさん頂いています✨
あと2部で最終値上げとなります！
ご検討中の方は値上げ前にどうぞ🫶

ご購入ありがとうございます！！
購入者専用ラインでは、いつでも質問し放題です✨
購入者の方から、たくさん質問を頂いてて嬉しい🫶
このnote書いて本当に良かった👵✨ 

ご購入ありがとうございます！！
嬉しい感想とラインの質問が本当に書いて良かったって思わせてくれます🫶
これからも頑張ります👵


























",2,3,"1,194",2025/10/5 0:01:00,https://www.threads.com/@ajinobaba/post/DPZECm7kfVw
,"この前、孫がスーパーで「こっちの牛乳の方が安い！！」ってニコニコしながら乳飲料を持ってきたの🥹
バアバはパッケージを見なくても、牛乳と乳飲料の違いが分かるんだよ！！
それを言ったら、孫が目をキラキラさせて「お友達にも教える！」って言ってて可愛かった🫶
さて問題です💡
みなさんはどっちが「本当の牛乳」か分かる？
コメントで教えてね☺️
パッケージを読まなくても分かったら、かなり食品リテラシー高めです👑






























",6,41,"2,660",2025/10/5 12:05:00,https://www.threads.com/@ajinobaba/post/DPaW5IAEXJ8
,"え、待ってこわすぎる……
減塩しょうゆって、体に良さそうに見えて
実は「添加物まみれ」のものが多いって知ってた？😳
塩分を減らした分、味をごまかすために「たんぱく加水分解物」や「甘味料」「化学調味料」が入ってることが多い…
さらに「減塩だから大丈夫」ってドバドバ使ったら、本末転倒だよね🥲
でも、ちゃんとした減塩しょうゆを選べば、家族の健康は守れるよ☺️✨

①オーサワ　寺岡家の国産減塩
天然醸造で作られていて、お醤油本来の美味しさを保ったままの減塩醤油
大豆、小麦、食塩しか入ってないから、最初からこれを使っててもいいかもね☺️
a.r10.to/hkIEa… pr 

②フードキン　丸大豆生しょうゆ塩分控えめ
こちらも原材料は大豆、小麦、食塩のみ！
一般の濃口醤油に比べ、25%塩分カット！！
a.r10.to/hPcAW… pr 

フンドーキンは、割と有名ですね。
でも、生産工場がお膝元じゃないので。
オーガニックスーパーの取り扱いで、コンビニ見たいな希望小売価格に近いお値段で売っています。


















",3,11,"1,050",2025/10/5 18:00:00,https://www.threads.com/@ajinobaba/post/DPa_b6Qk39g
,"【有益すぎてバズったら削除します…】
カルディで孫に買ってるおやつ3選👵✨
見た目は普通だけど、中身が本気。
✅国産素材
✅無添加・香料不使用
✅子どもも安心して食べられる
実際にバズって売り切れたこともあるから、見つけたら即カゴへ！！

① みたけ 大豆粉と米粉のパンミックス
国産米粉×国産大豆粉使用
小麦・香料・着色料・アルミ不使用で安心。
ふんわり・もっちり食感が家族に大好評☺️ 

② もへじ 北海道でつくったポテトチップス しお味
北海道産じゃがいも＋国産こめ油使用！
油っぽさゼロで、子どもにも安心な優しい塩味。
ジャガイモの味がしっかり感じられるよ🫶 

③ もへじ 新いも いもちっぷす
宮崎県産さつまいも使用
自然な甘さと軽いパリパリ食感がクセになる！
孫と一緒に食べてる、お気に入りのおやつ👵













",3,9,"1,466",2025/10/5 20:00:00,https://www.threads.com/@ajinobaba/post/DPbNOz0DyH2
,"え、待って怖すぎる…😱
これは食器用洗剤に書いてある注意書きなんだけど、、、
「調理器具は流水であれば5秒以上すすいでください」
そうじゃないと、皿や鍋に残って界面活性剤などの有害物質を体内に取り込んじゃうらしい…
せっかく食事に気をつけても、これじゃあ意味ないかも😭
バアバがおすすめする無添加の食器用洗剤は・・・👇

①無添加　食器洗いせっけん
純粋な石けん成分と水だけでできた無添加石けん
入ってないとは言い切れないけど、かなり安心度が高いことは間違い無いよ！ 

②パックスナチュロン 台所のせっけん
合成界面活性剤の使用はなし
無香料・無着色で肌にも環境にも優しいよ👵
ポンプタイプだから片手でスポンジにつけられるのも良いね✨ 

③arau. アラウ 台所用 せっけん
合成界面活性剤の使用はなし
天然のハーブの成分が含まれていて、ほのかに自然が香るのも良いよ🫶
赤ちゃんの口に入るものにも使えるほど、自然派の洗剤だよ👵


















",4,15,881,2025/10/5 22:00:00,https://www.threads.com/@ajinobaba/post/DPba_JLCgzO